gender,married,dependents,education,self_employed,applicant_income,coapplicant_income,loan_amount,loan_term,credit_history,property_area,loan_status
Male,Yes,2,Not Graduate,No,6898.0,450.0,498.0,480.0,1,Urban,1
Male,Yes,0,Graduate,No,11532.0,3009.0,301.0,120.0,1,Semiurban,1
Female,Yes,3+,Graduate,No,2705.0,3419.0,67.0,480.0,1,Rural,1
Male,Yes,1,Graduate,No,13671.0,4394.0,453.0,360.0,1,Urban,1
Male,Yes,0,Graduate,No,8459.0,3433.0,477.0,360.0,1,Urban,0
Female,Yes,2,Graduate,No,9581.0,1129.0,175.0,120.0,1,Semiurban,1
Male,No,0,Graduate,No,4056.0,2200.0,230.0,480.0,1,Rural,1
Male,Yes,0,Graduate,No,8635.0,2662.0,61.0,300.0,0,Semiurban,1
Male,No,0,Graduate,No,1542.0,5903.0,410.0,240.0,1,Semiurban,1
Male,Yes,1,Graduate,No,13517.0,3195.0,399.0,360.0,1,Semiurban,1
Male,No,0,Graduate,No,11609.0,3809.0,59.0,240.0,1,Urban,1
Female,Yes,0,Not Graduate,No,7635.0,4413.0,366.0,180.0,1,Semiurban,1
Male,Yes,0,Graduate,No,12783.0,2173.0,235.0,180.0,1,Urban,1
Female,No,0,Graduate,Yes,12456.0,5786.0,295.0,300.0,1,Rural,1
Male,Yes,0,Graduate,No,3107.0,4049.0,148.0,300.0,1,Urban,1
Male,Yes,0,Graduate,No,2226.0,5089.0,416.0,180.0,1,Urban,1
Male,No,0,Not Graduate,No,4923.0,4495.0,231.0,180.0,1,Semiurban,1
Male,No,0,Graduate,No,1517.0,3729.0,428.0,480.0,1,Semiurban,1
Female,Yes,1,Graduate,Yes,9237.0,185.0,116.0,300.0,1,Semiurban,1
Male,Yes,0,Graduate,No,8631.0,3501.0,314.0,480.0,0,Semiurban,0
Male,No,1,Graduate,No,8762.0,777.0,189.0,180.0,0,Rural,0
Male,No,0,Graduate,No,2493.0,3619.0,484.0,180.0,0,Rural,1
Female,No,0,Graduate,No,13895.0,4208.0,300.0,180.0,1,Rural,1
Female,Yes,0,Graduate,No,14683.0,3271.0,373.0,300.0,0,Semiurban,0
Male,No,0,Graduate,No,9472.0,1850.0,88.0,360.0,1,Semiurban,1
Male,Yes,0,Graduate,No,1574.0,356.0,354.0,300.0,0,Semiurban,0
Male,No,2,Graduate,No,6845.0,4026.0,95.0,180.0,1,Semiurban,1
Male,Yes,0,Not Graduate,No,11195.0,4189.0,212.0,480.0,1,Urban,1
Male,No,0,Graduate,No,11607.0,2867.0,150.0,300.0,1,Semiurban,1
Male,Yes,1,Graduate,No,4785.0,4298.0,51.0,240.0,1,Urban,1
Male,Yes,0,Not Graduate,No,12606.0,4674.0,313.0,120.0,1,Urban,1
Female,No,0,Graduate,No,14561.0,3074.0,158.0,300.0,1,Rural,1
Male,Yes,0,Graduate,No,8367.0,286.0,280.0,300.0,1,Urban,1
Male,No,0,Graduate,No,6650.0,5222.0,393.0,480.0,1,Semiurban,1
Male,Yes,0,Not Graduate,Yes,8602.0,2800.0,130.0,180.0,0,Semiurban,0
Male,Yes,2,Graduate,No,1868.0,4034.0,369.0,120.0,0,Urban,1
Male,Yes,3+,Graduate,No,8566.0,5465.0,183.0,480.0,0,Rural,1
Male,Yes,0,Graduate,No,1863.0,2175.0,198.0,300.0,1,Urban,1
Male,Yes,1,Graduate,No,1969.0,3731.0,309.0,120.0,1,Rural,1
Male,Yes,2,Graduate,No,8970.0,118.0,331.0,120.0,1,Rural,1
Male,Yes,0,Graduate,No,8395.0,5310.0,284.0,240.0,1,Urban,1
Female,No,2,Not Graduate,No,14820.0,354.0,137.0,300.0,1,Urban,1
Male,No,1,Graduate,Yes,8353.0,3246.0,310.0,180.0,1,Urban,1
Male,No,3+,Graduate,No,14726.0,2110.0,168.0,240.0,0,Semiurban,0
Female,Yes,3+,Graduate,No,12395.0,214.0,174.0,360.0,1,Urban,1
Female,Yes,0,Not Graduate,No,6053.0,2772.0,476.0,480.0,1,Rural,0
Male,Yes,0,Graduate,No,14003.0,5613.0,95.0,240.0,1,Urban,1
Male,No,0,Graduate,No,8016.0,1001.0,235.0,240.0,1,Rural,1
Male,No,0,Not Graduate,No,9531.0,1753.0,247.0,240.0,1,Urban,1
Male,Yes,0,Graduate,No,2856.0,1135.0,160.0,120.0,1,Rural,1
Male,No,3+,Not Graduate,No,4369.0,749.0,284.0,120.0,1,Urban,0
Male,Yes,0,Graduate,No,8549.0,1381.0,284.0,480.0,1,Semiurban,1
Male,Yes,0,Graduate,No,5161.0,3431.0,373.0,120.0,0,Semiurban,0
Male,Yes,2,Not Graduate,No,9595.0,4683.0,224.0,360.0,1,Urban,1
Male,Yes,0,Graduate,No,2578.0,4141.0,453.0,180.0,1,Rural,1
Male,No,0,Graduate,No,4889.0,4627.0,378.0,360.0,1,Urban,1
Male,No,3+,Graduate,No,10479.0,4293.0,284.0,480.0,1,Semiurban,1
Male,Yes,0,Graduate,No,9763.0,2297.0,482.0,360.0,1,Semiurban,1
Male,Yes,0,Graduate,No,14779.0,5401.0,439.0,360.0,1,Semiurban,1
Male,No,0,Graduate,No,13645.0,1034.0,316.0,180.0,0,Urban,1
Male,No,3+,Graduate,No,12443.0,4198.0,57.0,300.0,1,Urban,1
Male,Yes,0,Graduate,No,1512.0,665.0,316.0,300.0,1,Urban,1
Male,Yes,0,Graduate,No,9633.0,4593.0,360.0,240.0,1,Urban,1
Male,Yes,0,Not Graduate,No,4590.0,522.0,214.0,120.0,1,Urban,1
Male,Yes,0,Graduate,Yes,5103.0,1297.0,114.0,480.0,1,Rural,1
Male,No,3+,Graduate,No,4333.0,2347.0,304.0,180.0,0,Semiurban,1
Male,Yes,0,Graduate,No,7654.0,4166.0,410.0,480.0,1,Semiurban,1
Male,No,3+,Graduate,No,3172.0,273.0,193.0,480.0,1,Urban,1
Male,Yes,0,Graduate,No,8679.0,1544.0,255.0,120.0,1,Urban,1
Male,Yes,0,Graduate,No,3742.0,2001.0,50.0,360.0,1,Semiurban,1
Male,No,2,Graduate,No,8256.0,4386.0,366.0,300.0,0,Urban,1
Male,Yes,0,Not Graduate,No,9949.0,5769.0,439.0,180.0,1,Urban,1
Female,Yes,0,Not Graduate,No,3925.0,3685.0,399.0,360.0,1,Semiurban,1
Male,No,2,Graduate,No,2886.0,3045.0,243.0,120.0,1,Semiurban,1
Male,No,0,Not Graduate,Yes,12384.0,2017.0,70.0,180.0,1,Rural,1
Male,Yes,0,Not Graduate,No,11470.0,4935.0,271.0,480.0,1,Urban,1
Male,Yes,3+,Graduate,No,5029.0,643.0,473.0,360.0,1,Semiurban,1
Male,Yes,0,Graduate,No,13474.0,775.0,87.0,120.0,1,Urban,1
Male,Yes,0,Graduate,No,4485.0,1207.0,146.0,120.0,1,Urban,0
Male,Yes,0,Graduate,No,14008.0,1608.0,426.0,180.0,0,Semiurban,1
Male,Yes,0,Graduate,No,3029.0,2769.0,305.0,120.0,1,Urban,1
Male,No,0,Graduate,No,10412.0,5679.0,126.0,180.0,1,Semiurban,1
Female,No,1,Graduate,No,1758.0,3902.0,60.0,300.0,1,Semiurban,1
Male,No,0,Not Graduate,No,4164.0,2301.0,234.0,120.0,1,Urban,1
Male,No,1,Graduate,No,6963.0,1269.0,317.0,180.0,1,Rural,1
Male,No,0,Graduate,No,2651.0,3890.0,428.0,180.0,1,Semiurban,1
Male,No,0,Graduate,No,7669.0,1518.0,447.0,480.0,1,Rural,1
Male,No,0,Graduate,No,4632.0,5856.0,256.0,480.0,1,Semiurban,1
Male,Yes,1,Graduate,Yes,2835.0,2866.0,240.0,480.0,1,Rural,1
Male,Yes,0,Not Graduate,No,14486.0,3304.0,469.0,240.0,1,Urban,1
Male,Yes,0,Not Graduate,Yes,14754.0,5420.0,399.0,300.0,1,Semiurban,1
Male,Yes,2,Not Graduate,No,14491.0,1832.0,144.0,300.0,1,Rural,1
Male,Yes,1,Not Graduate,No,3580.0,2830.0,356.0,480.0,1,Urban,1
Male,Yes,0,Not Graduate,No,6655.0,3191.0,371.0,360.0,1,Urban,1
Male,Yes,3+,Graduate,No,5920.0,1626.0,155.0,480.0,0,Rural,1
Male,Yes,0,Graduate,No,5898.0,327.0,490.0,300.0,1,Semiurban,1
Male,Yes,0,Graduate,No,7124.0,1702.0,183.0,480.0,1,Semiurban,1
Male,No,0,Graduate,No,8385.0,674.0,297.0,360.0,1,Semiurban,1
Male,No,0,Graduate,No,8049.0,4054.0,272.0,360.0,1,Rural,1
Female,Yes,0,Graduate,No,5437.0,43.0,361.0,300.0,1,Rural,1
Female,Yes,2,Not Graduate,No,14727.0,1898.0,455.0,240.0,1,Semiurban,1
Male,Yes,0,Graduate,No,14725.0,5305.0,226.0,300.0,1,Urban,1
Male,No,2,Not Graduate,No,5971.0,3411.0,223.0,240.0,0,Urban,0
Female,No,3+,Graduate,No,4486.0,4027.0,388.0,300.0,1,Semiurban,1
Male,Yes,1,Graduate,No,8691.0,4011.0,478.0,180.0,1,Rural,1
Male,No,1,Graduate,Yes,6483.0,1789.0,458.0,360.0,0,Semiurban,1
Male,Yes,1,Graduate,No,14826.0,3793.0,388.0,300.0,0,Urban,1
Male,Yes,3+,Graduate,No,7296.0,1326.0,366.0,360.0,1,Urban,1
Male,No,0,Graduate,No,2037.0,3813.0,395.0,180.0,1,Semiurban,1
Female,Yes,0,Not Graduate,No,3188.0,4098.0,471.0,360.0,1,Rural,1
Male,Yes,0,Graduate,No,2506.0,5256.0,54.0,360.0,1,Urban,1
Male,Yes,0,Graduate,No,6668.0,5517.0,314.0,120.0,1,Semiurban,1
Male,Yes,0,Graduate,No,5772.0,143.0,65.0,240.0,1,Rural,1
Male,No,1,Graduate,No,13065.0,1794.0,309.0,360.0,0,Rural,0
Male,No,0,Graduate,No,13522.0,3282.0,284.0,480.0,1,Urban,1
Female,Yes,3+,Graduate,No,3394.0,1929.0,187.0,360.0,1,Rural,1
Male,Yes,0,Graduate,No,14252.0,3711.0,450.0,240.0,1,Semiurban,1
Male,No,0,Graduate,No,9384.0,5125.0,369.0,180.0,1,Rural,1
Male,Yes,0,Graduate,No,5641.0,1548.0,305.0,480.0,0,Urban,0
Male,No,0,Graduate,No,6989.0,5360.0,446.0,480.0,1,Semiurban,1
Male,No,0,Graduate,No,7458.0,5292.0,94.0,480.0,1,Semiurban,1
Male,Yes,0,Graduate,No,3802.0,5484.0,340.0,180.0,1,Urban,1
Male,No,0,Graduate,No,13210.0,441.0,120.0,240.0,1,Semiurban,1
Male,Yes,0,Graduate,No,1666.0,1758.0,154.0,180.0,1,Semiurban,1
Male,Yes,0,Graduate,No,2441.0,744.0,133.0,480.0,1,Semiurban,1
Male,Yes,0,Graduate,No,5190.0,721.0,294.0,480.0,1,Urban,1
Male,Yes,0,Graduate,No,3438.0,318.0,284.0,180.0,1,Semiurban,1
Male,No,0,Graduate,No,2334.0,2639.0,390.0,180.0,1,Urban,1
Male,No,0,Graduate,No,6675.0,523.0,248.0,300.0,1,Rural,1
Male,No,0,Not Graduate,No,6586.0,1774.0,472.0,240.0,1,Rural,1
Male,No,0,Graduate,No,3195.0,5888.0,218.0,240.0,1,Urban,1
Female,Yes,2,Not Graduate,No,12437.0,5303.0,120.0,240.0,1,Urban,1
Male,Yes,3+,Graduate,No,13414.0,5622.0,66.0,360.0,1,Urban,1
Male,No,3+,Graduate,No,11215.0,219.0,107.0,480.0,1,Semiurban,1
Male,No,0,Graduate,No,8549.0,3965.0,250.0,480.0,1,Rural,1
Male,Yes,0,Graduate,Yes,14289.0,3803.0,235.0,240.0,1,Semiurban,1
Female,Yes,0,Not Graduate,No,6231.0,796.0,434.0,360.0,0,Urban,0
Male,Yes,2,Graduate,No,7264.0,5437.0,106.0,360.0,1,Urban,1
Male,Yes,2,Graduate,No,1703.0,2426.0,168.0,180.0,1,Urban,1
Male,No,2,Graduate,No,11055.0,5860.0,491.0,360.0,1,Rural,1
Male,Yes,2,Graduate,No,2748.0,683.0,284.0,240.0,1,Semiurban,1
Male,No,0,Graduate,No,10482.0,3900.0,240.0,300.0,1,Semiurban,1
Female,No,2,Not Graduate,Yes,12062.0,784.0,139.0,360.0,1,Urban,1
Male,No,2,Graduate,No,4430.0,5699.0,290.0,480.0,1,Rural,1
Male,Yes,0,Not Graduate,No,9762.0,3645.0,488.0,480.0,1,Urban,0
Male,Yes,3+,Graduate,No,5598.0,453.0,152.0,360.0,1,Rural,1
Male,No,0,Graduate,Yes,6877.0,1288.0,284.0,300.0,1,Rural,1
Male,No,3+,Graduate,No,8652.0,2155.0,252.0,240.0,1,Semiurban,1
Male,Yes,2,Not Graduate,No,4867.0,77.0,409.0,240.0,0,Rural,0
Male,No,0,Graduate,No,12254.0,52.0,493.0,480.0,1,Urban,1
Female,Yes,1,Graduate,No,6827.0,5552.0,93.0,180.0,1,Semiurban,1
Female,No,0,Graduate,No,7734.0,5887.0,269.0,300.0,1,Urban,1
Male,Yes,2,Graduate,No,12498.0,3217.0,388.0,360.0,1,Semiurban,1
Male,Yes,2,Graduate,No,4574.0,5416.0,53.0,120.0,1,Urban,1
Male,Yes,1,Graduate,No,7605.0,3931.0,412.0,300.0,1,Urban,1
Male,Yes,2,Graduate,Yes,14911.0,168.0,159.0,180.0,1,Urban,1
Male,Yes,0,Graduate,No,6896.0,4286.0,283.0,180.0,1,Urban,1
Male,Yes,0,Graduate,Yes,3060.0,108.0,490.0,300.0,1,Semiurban,1
Male,Yes,0,Not Graduate,No,5339.0,4899.0,335.0,120.0,1,Semiurban,1
Male,No,0,Graduate,No,14404.0,2201.0,495.0,120.0,0,Urban,1
Male,Yes,0,Not Graduate,No,11748.0,847.0,321.0,240.0,1,Rural,1
Female,No,0,Not Graduate,No,12422.0,1551.0,144.0,300.0,1,Rural,1
Male,No,0,Graduate,No,4923.0,4100.0,361.0,120.0,1,Urban,1
Male,Yes,0,Graduate,No,12825.0,5081.0,326.0,240.0,1,Semiurban,1
Male,Yes,2,Graduate,No,6810.0,3424.0,189.0,180.0,0,Semiurban,0
Male,No,0,Graduate,No,12231.0,962.0,84.0,300.0,1,Rural,1
Female,No,2,Graduate,Yes,13391.0,3070.0,341.0,180.0,1,Urban,1
Female,Yes,0,Graduate,No,4310.0,4743.0,309.0,120.0,1,Rural,1
Male,No,0,Graduate,No,14169.0,2459.0,398.0,300.0,1,Urban,1
Female,Yes,0,Graduate,No,10039.0,3326.0,106.0,480.0,1,Urban,1
Male,Yes,0,Not Graduate,No,11366.0,5783.0,292.0,300.0,0,Semiurban,0
Male,No,0,Graduate,No,11716.0,2264.0,418.0,240.0,1,Semiurban,1
Male,Yes,0,Graduate,No,3774.0,154.0,451.0,240.0,1,Rural,0
Female,No,0,Not Graduate,No,11566.0,874.0,472.0,120.0,1,Urban,1
Male,Yes,0,Graduate,No,4374.0,3601.0,145.0,180.0,1,Urban,1
Male,No,0,Graduate,No,5166.0,5986.0,127.0,240.0,0,Urban,0
Male,Yes,0,Not Graduate,No,3073.0,4439.0,309.0,300.0,1,Urban,1
Female,Yes,2,Graduate,No,3945.0,3707.0,258.0,240.0,1,Urban,1
Female,Yes,0,Graduate,No,14715.0,1938.0,155.0,480.0,1,Semiurban,1
Male,Yes,3+,Graduate,No,5929.0,2636.0,95.0,300.0,1,Semiurban,1
Female,No,2,Not Graduate,No,6724.0,230.0,114.0,120.0,1,Semiurban,1
Female,Yes,3+,Graduate,Yes,7977.0,3070.0,202.0,300.0,1,Semiurban,1
Male,Yes,2,Graduate,No,11124.0,3740.0,382.0,300.0,1,Urban,1
Male,Yes,0,Graduate,No,9246.0,5434.0,79.0,120.0,1,Semiurban,1
Male,Yes,0,Graduate,No,8737.0,5534.0,97.0,240.0,1,Urban,1
Male,No,0,Graduate,No,12798.0,4927.0,169.0,480.0,1,Rural,1
Male,Yes,2,Graduate,Yes,8195.0,128.0,443.0,240.0,1,Urban,1
Male,No,1,Not Graduate,Yes,11881.0,4867.0,495.0,240.0,1,Semiurban,1
Male,Yes,0,Graduate,Yes,13797.0,1311.0,248.0,180.0,1,Rural,1
Male,No,3+,Graduate,No,10628.0,3697.0,70.0,120.0,1,Semiurban,1
Female,Yes,0,Graduate,Yes,1976.0,5678.0,55.0,180.0,1,Semiurban,1
Male,Yes,0,Graduate,No,5057.0,5327.0,436.0,360.0,1,Semiurban,1
Male,No,1,Graduate,No,9839.0,3986.0,250.0,480.0,1,Urban,1
Female,No,0,Graduate,No,7964.0,1795.0,84.0,300.0,1,Semiurban,1
Male,No,1,Graduate,No,5344.0,3125.0,284.0,360.0,1,Rural,1
Male,Yes,2,Graduate,No,6028.0,4222.0,288.0,300.0,1,Rural,1
Male,Yes,0,Graduate,Yes,2557.0,3070.0,207.0,300.0,1,Semiurban,1
Female,No,0,Graduate,No,4671.0,2426.0,253.0,240.0,1,Urban,1
Male,Yes,0,Graduate,No,12067.0,2417.0,151.0,120.0,1,Rural,1
Male,No,1,Not Graduate,Yes,1638.0,3599.0,469.0,240.0,0,Semiurban,0
Male,Yes,0,Graduate,No,12797.0,214.0,404.0,480.0,1,Urban,1
Female,Yes,3+,Not Graduate,No,6082.0,5988.0,139.0,300.0,1,Urban,1
Male,No,2,Not Graduate,Yes,12406.0,612.0,380.0,360.0,1,Urban,1
Male,No,0,Graduate,No,4957.0,5907.0,130.0,120.0,1,Semiurban,1
Male,Yes,0,Not Graduate,No,12688.0,212.0,253.0,180.0,1,Urban,0
Male,Yes,1,Graduate,No,9220.0,3075.0,386.0,180.0,1,Urban,1
Male,Yes,1,Graduate,No,12994.0,2505.0,66.0,240.0,1,Urban,1
Male,Yes,0,Graduate,Yes,2341.0,3443.0,376.0,480.0,1,Rural,1
Male,Yes,0,Graduate,No,12265.0,2601.0,151.0,240.0,1,Urban,1
Male,Yes,0,Graduate,No,5152.0,5383.0,364.0,300.0,0,Urban,0
Male,No,3+,Graduate,No,6344.0,99.0,284.0,300.0,1,Semiurban,1
Male,No,0,Graduate,No,2104.0,5913.0,61.0,240.0,1,Urban,1
Male,Yes,2,Not Graduate,No,14379.0,4136.0,284.0,480.0,1,Rural,1
Female,Yes,0,Graduate,Yes,10159.0,4671.0,166.0,180.0,1,Rural,1
Male,Yes,3+,Graduate,No,14742.0,838.0,478.0,120.0,1,Semiurban,1
Male,Yes,0,Graduate,No,9170.0,391.0,427.0,360.0,1,Semiurban,1
Male,Yes,0,Graduate,No,3635.0,2382.0,136.0,300.0,1,Urban,1
Male,Yes,3+,Graduate,Yes,6055.0,1935.0,284.0,180.0,1,Urban,1
Female,No,3+,Graduate,No,7438.0,4697.0,212.0,480.0,1,Urban,1
Male,Yes,0,Graduate,No,3489.0,5379.0,320.0,120.0,1,Urban,1
Male,Yes,0,Graduate,No,14075.0,2564.0,300.0,180.0,1,Urban,1
Male,Yes,0,Not Graduate,Yes,14431.0,4610.0,183.0,120.0,1,Semiurban,1
Male,No,0,Graduate,No,9107.0,357.0,343.0,180.0,1,Urban,1
Female,Yes,0,Graduate,No,9389.0,4453.0,167.0,360.0,1,Urban,1
Male,Yes,2,Graduate,No,10997.0,596.0,458.0,360.0,1,Semiurban,0
Female,No,0,Not Graduate,No,10668.0,4007.0,475.0,300.0,1,Semiurban,1
Male,Yes,1,Graduate,No,2346.0,2292.0,124.0,480.0,1,Urban,1
Male,Yes,0,Graduate,No,8673.0,2491.0,377.0,120.0,1,Urban,1
Male,No,0,Graduate,No,11991.0,1658.0,468.0,300.0,1,Urban,1
Male,Yes,1,Graduate,No,12388.0,2419.0,107.0,120.0,1,Urban,1
Male,Yes,0,Graduate,No,9546.0,5246.0,382.0,480.0,1,Rural,1
Male,Yes,1,Graduate,Yes,13601.0,4853.0,471.0,300.0,1,Rural,1
Female,Yes,0,Graduate,No,9413.0,2041.0,151.0,360.0,1,Semiurban,1
Male,No,3+,Graduate,No,6666.0,1762.0,312.0,300.0,1,Semiurban,1
Female,Yes,2,Graduate,Yes,7475.0,3054.0,409.0,240.0,1,Semiurban,1
Female,Yes,2,Graduate,No,10815.0,4108.0,200.0,360.0,1,Semiurban,1
Male,Yes,0,Not Graduate,No,13467.0,1094.0,157.0,480.0,1,Urban,1
Male,Yes,0,Graduate,No,4603.0,4357.0,228.0,180.0,1,Urban,1
Male,Yes,0,Graduate,No,5462.0,5692.0,200.0,480.0,1,Semiurban,1
Male,Yes,0,Graduate,No,10300.0,5067.0,376.0,360.0,1,Semiurban,1
Female,No,0,Not Graduate,No,11808.0,3289.0,216.0,120.0,1,Urban,1
Male,Yes,0,Graduate,No,6888.0,1919.0,284.0,480.0,1,Urban,1
Male,Yes,0,Not Graduate,No,10182.0,1940.0,475.0,180.0,1,Urban,0
Male,Yes,0,Graduate,No,1591.0,4451.0,310.0,300.0,1,Urban,1
Male,Yes,0,Graduate,No,5438.0,2729.0,468.0,120.0,1,Semiurban,1
Female,Yes,0,Graduate,No,14399.0,638.0,369.0,180.0,1,Semiurban,1
Male,Yes,0,Graduate,No,9282.0,4065.0,448.0,300.0,0,Semiurban,1
Male,Yes,1,Not Graduate,Yes,13223.0,828.0,137.0,360.0,0,Urban,0
Male,No,0,Not Graduate,No,4438.0,5921.0,472.0,360.0,1,Urban,1
Male,No,0,Graduate,No,5426.0,2504.0,474.0,240.0,1,Rural,1
Male,Yes,0,Not Graduate,No,14661.0,2051.0,68.0,360.0,1,Semiurban,1
Female,Yes,2,Graduate,No,14969.0,331.0,210.0,120.0,1,Urban,1
Male,Yes,0,Graduate,No,13337.0,1006.0,235.0,480.0,1,Urban,1
Male,Yes,1,Graduate,No,5781.0,5686.0,238.0,180.0,1,Rural,1
Male,Yes,3+,Graduate,No,12319.0,3222.0,400.0,300.0,0,Rural,0
Male,No,0,Not Graduate,Yes,7694.0,5411.0,364.0,480.0,0,Rural,0
Female,No,3+,Graduate,Yes,12893.0,5735.0,145.0,180.0,1,Semiurban,1
Male,No,2,Graduate,No,12991.0,293.0,323.0,240.0,1,Semiurban,1
Male,Yes,0,Graduate,No,7370.0,2284.0,488.0,360.0,1,Semiurban,1
Male,No,0,Graduate,No,5612.0,5029.0,248.0,480.0,1,Urban,1
Male,Yes,1,Graduate,No,14660.0,2974.0,467.0,180.0,0,Semiurban,1
Female,Yes,3+,Graduate,No,7582.0,3053.0,342.0,300.0,1,Semiurban,1
Male,Yes,0,Graduate,No,7327.0,3420.0,466.0,180.0,1,Urban,1
Male,No,0,Graduate,No,10485.0,4211.0,456.0,300.0,1,Rural,1
Female,Yes,0,Graduate,No,14145.0,5632.0,57.0,240.0,1,Urban,1
Male,No,0,Graduate,No,3261.0,5321.0,410.0,120.0,1,Urban,1
Male,Yes,2,Graduate,No,14790.0,3750.0,135.0,480.0,1,Urban,1
Male,No,0,Graduate,No,7201.0,3461.0,420.0,300.0,1,Rural,1
Male,Yes,1,Not Graduate,No,1845.0,2165.0,413.0,240.0,1,Rural,0
Male,Yes,2,Graduate,No,5677.0,697.0,166.0,120.0,1,Semiurban,1
Male,No,1,Not Graduate,No,7743.0,4254.0,79.0,120.0,1,Rural,0
Male,Yes,1,Graduate,No,10636.0,15.0,238.0,240.0,1,Rural,1
Male,Yes,2,Graduate,No,9145.0,4189.0,186.0,300.0,1,Rural,1
Male,Yes,2,Graduate,No,3335.0,2981.0,299.0,180.0,1,Rural,1
Male,Yes,2,Graduate,No,8091.0,4718.0,86.0,360.0,1,Semiurban,1
Male,Yes,0,Not Graduate,Yes,4641.0,5695.0,69.0,240.0,1,Rural,0
Male,Yes,0,Graduate,No,5138.0,3317.0,246.0,120.0,1,Semiurban,1
Male,Yes,0,Graduate,No,11103.0,3435.0,396.0,300.0,1,Semiurban,1
Female,No,2,Graduate,No,12344.0,2924.0,191.0,180.0,1,Urban,1
Female,Yes,1,Graduate,No,3609.0,2237.0,195.0,120.0,1,Rural,1
Male,Yes,0,Graduate,Yes,9632.0,533.0,123.0,120.0,1,Rural,1
Male,Yes,0,Graduate,No,7197.0,185.0,177.0,180.0,1,Urban,1
Male,Yes,0,Graduate,No,6044.0,4338.0,184.0,300.0,1,Rural,1
Male,Yes,1,Graduate,Yes,11123.0,5489.0,166.0,480.0,1,Urban,1
Male,No,0,Graduate,No,4859.0,323.0,204.0,180.0,1,Urban,1
Male,No,0,Graduate,No,11833.0,1962.0,177.0,120.0,1,Urban,1
Male,Yes,2,Graduate,No,6910.0,3649.0,356.0,180.0,1,Rural,1
Male,Yes,2,Graduate,No,2780.0,4228.0,202.0,180.0,0,Semiurban,1
Male,Yes,0,Graduate,No,12195.0,4411.0,389.0,180.0,1,Urban,1
Male,Yes,0,Graduate,No,13001.0,4165.0,322.0,180.0,1,Semiurban,1
Female,Yes,3+,Graduate,Yes,9101.0,503.0,338.0,480.0,1,Urban,1
Male,No,1,Graduate,Yes,11273.0,1523.0,312.0,240.0,0,Semiurban,1
Female,Yes,1,Graduate,Yes,3491.0,2815.0,465.0,300.0,0,Rural,0
Male,Yes,0,Graduate,No,6080.0,382.0,165.0,360.0,0,Semiurban,1
Female,Yes,0,Graduate,No,6223.0,2059.0,492.0,120.0,1,Rural,1
Female,Yes,0,Not Graduate,No,11811.0,2310.0,142.0,180.0,1,Semiurban,1
Female,Yes,1,Graduate,No,6252.0,5868.0,112.0,240.0,1,Rural,1
Female,Yes,0,Graduate,No,11332.0,1902.0,421.0,240.0,1,Urban,1
Male,No,0,Graduate,No,5642.0,5828.0,453.0,120.0,1,Urban,1
Male,Yes,1,Graduate,No,9612.0,4201.0,91.0,300.0,0,Urban,0
Male,Yes,3+,Not Graduate,No,4332.0,4153.0,319.0,180.0,1,Semiurban,1
Male,Yes,2,Graduate,No,9039.0,4918.0,280.0,180.0,1,Semiurban,1
Male,No,0,Graduate,No,2591.0,5053.0,149.0,300.0,1,Rural,1
Male,Yes,0,Not Graduate,No,11418.0,1334.0,284.0,480.0,1,Urban,1
Female,No,0,Graduate,Yes,1892.0,2525.0,358.0,480.0,1,Urban,1
Male,No,0,Graduate,Yes,14990.0,3169.0,308.0,480.0,1,Semiurban,1
Male,Yes,0,Graduate,No,12826.0,5860.0,283.0,240.0,1,Rural,1
Male,No,0,Graduate,No,9310.0,243.0,448.0,120.0,0,Urban,1
Male,Yes,1,Graduate,No,13779.0,3070.0,151.0,180.0,1,Urban,1
Male,No,2,Graduate,No,12417.0,1285.0,330.0,240.0,1,Urban,1
Male,Yes,3+,Not Graduate,No,3427.0,1240.0,284.0,180.0,1,Semiurban,1
Male,No,0,Not Graduate,No,11547.0,4570.0,488.0,180.0,0,Urban,0
Male,Yes,0,Graduate,No,6593.0,1211.0,163.0,120.0,0,Urban,0
Male,Yes,0,Graduate,No,13053.0,4760.0,442.0,180.0,1,Semiurban,1
Male,Yes,0,Graduate,Yes,13161.0,5963.0,334.0,300.0,1,Urban,1
Male,No,0,Graduate,No,14386.0,4658.0,146.0,240.0,1,Semiurban,1
Male,Yes,0,Graduate,No,7588.0,1019.0,391.0,120.0,1,Urban,1
Male,Yes,2,Graduate,No,4106.0,3070.0,158.0,300.0,1,Rural,1
Male,No,0,Graduate,No,3188.0,2622.0,168.0,480.0,1,Semiurban,1
Female,No,3+,Graduate,No,3733.0,3306.0,205.0,240.0,1,Urban,1
Female,Yes,0,Graduate,No,14889.0,4670.0,356.0,180.0,1,Urban,1
Male,Yes,0,Graduate,No,9415.0,2536.0,226.0,180.0,1,Semiurban,1
Male,Yes,0,Graduate,No,6249.0,1002.0,306.0,240.0,0,Rural,0
Male,No,0,Not Graduate,Yes,7565.0,5948.0,298.0,180.0,1,Urban,1
Female,Yes,0,Graduate,No,3833.0,5427.0,138.0,480.0,1,Urban,1
Male,No,3+,Not Graduate,No,9204.0,3924.0,284.0,480.0,1,Urban,0
Female,Yes,0,Graduate,Yes,7246.0,4172.0,188.0,240.0,0,Semiurban,1
Male,Yes,0,Not Graduate,No,12273.0,5611.0,150.0,480.0,1,Rural,0
Male,Yes,1,Graduate,No,1785.0,2849.0,463.0,480.0,1,Semiurban,0
Male,Yes,0,Graduate,No,14078.0,872.0,221.0,120.0,1,Urban,1
Male,No,1,Not Graduate,Yes,2318.0,3635.0,232.0,240.0,1,Rural,1
Male,Yes,0,Graduate,No,7135.0,2705.0,352.0,300.0,1,Rural,1
Male,Yes,2,Graduate,Yes,6098.0,4798.0,404.0,240.0,1,Urban,1
Female,No,0,Graduate,No,11192.0,4629.0,284.0,240.0,1,Urban,1
Male,No,0,Graduate,No,10385.0,2828.0,298.0,240.0,1,Urban,1
Male,No,1,Graduate,Yes,4156.0,2207.0,489.0,360.0,1,Rural,1
Male,Yes,2,Graduate,Yes,8124.0,2532.0,454.0,180.0,1,Semiurban,1
Male,Yes,0,Not Graduate,Yes,8716.0,3795.0,141.0,300.0,1,Semiurban,1
Male,No,0,Graduate,No,7762.0,3822.0,122.0,180.0,1,Rural,1
Female,Yes,0,Graduate,No,1794.0,3070.0,226.0,480.0,1,Urban,1
Male,Yes,0,Graduate,Yes,3904.0,3191.0,425.0,120.0,1,Urban,1
Female,No,0,Not Graduate,Yes,8300.0,5951.0,484.0,120.0,1,Urban,0
Female,Yes,1,Graduate,No,5016.0,1522.0,284.0,120.0,0,Rural,0
Male,Yes,0,Graduate,No,8862.0,1043.0,360.0,240.0,1,Semiurban,1
Male,No,1,Graduate,No,3709.0,4795.0,155.0,300.0,1,Urban,1
Male,Yes,0,Graduate,No,11428.0,5612.0,316.0,480.0,1,Urban,1
Female,Yes,2,Not Graduate,No,4044.0,3652.0,132.0,240.0,0,Rural,0
Male,Yes,2,Graduate,No,10268.0,2409.0,292.0,180.0,1,Rural,1
Male,Yes,0,Graduate,No,12794.0,2091.0,137.0,240.0,1,Semiurban,1
Male,Yes,0,Graduate,No,6338.0,2807.0,83.0,120.0,1,Urban,0
Male,No,0,Graduate,No,3382.0,314.0,485.0,240.0,1,Rural,1
Male,No,2,Graduate,Yes,1577.0,3171.0,452.0,360.0,0,Rural,1
Male,Yes,0,Graduate,No,6367.0,1617.0,358.0,120.0,1,Semiurban,1
Male,Yes,0,Graduate,Yes,3059.0,1592.0,331.0,360.0,1,Semiurban,1
Male,No,0,Graduate,No,13404.0,3362.0,157.0,180.0,1,Rural,1
Male,Yes,2,Graduate,No,14636.0,5781.0,307.0,360.0,1,Rural,1
Male,Yes,0,Graduate,No,14738.0,1235.0,386.0,360.0,1,Semiurban,1
Male,Yes,0,Graduate,No,13951.0,5468.0,292.0,360.0,0,Semiurban,0
Male,No,3+,Graduate,No,9420.0,3116.0,176.0,360.0,1,Urban,1
Male,Yes,0,Graduate,No,5888.0,5837.0,226.0,360.0,1,Rural,1
Female,No,2,Graduate,No,7528.0,2293.0,428.0,180.0,1,Semiurban,1
Male,Yes,0,Graduate,No,4994.0,5981.0,164.0,120.0,1,Urban,1
Male,Yes,0,Graduate,No,12843.0,3959.0,482.0,240.0,1,Urban,1
Male,Yes,2,Graduate,No,7391.0,4018.0,389.0,300.0,1,Rural,1
Male,Yes,1,Graduate,No,6699.0,3379.0,450.0,300.0,0,Rural,1
Male,Yes,1,Graduate,Yes,10814.0,2710.0,279.0,360.0,1,Rural,1
Male,Yes,0,Graduate,No,6546.0,3150.0,150.0,180.0,1,Semiurban,1
Male,Yes,0,Graduate,No,6317.0,5104.0,65.0,480.0,1,Rural,1
Male,Yes,0,Graduate,No,4568.0,4754.0,290.0,240.0,1,Rural,1
Female,Yes,0,Graduate,No,2408.0,142.0,229.0,180.0,1,Urban,1
Male,Yes,0,Not Graduate,No,2012.0,4167.0,101.0,360.0,0,Urban,0
Male,No,0,Graduate,Yes,6937.0,5006.0,284.0,120.0,1,Rural,1
Male,Yes,0,Not Graduate,No,14936.0,4464.0,486.0,240.0,0,Urban,0
Male,No,0,Graduate,No,5017.0,2983.0,218.0,360.0,1,Semiurban,1
Male,No,0,Graduate,No,10154.0,2013.0,350.0,360.0,1,Semiurban,1
Male,Yes,0,Graduate,No,5886.0,4039.0,235.0,180.0,1,Semiurban,1
Female,No,2,Graduate,No,5586.0,3982.0,273.0,120.0,1,Urban,1
Male,No,1,Not Graduate,No,3699.0,2244.0,330.0,120.0,0,Rural,0
Male,Yes,0,Graduate,No,9106.0,2438.0,237.0,120.0,1,Urban,1
Male,Yes,1,Not Graduate,Yes,10394.0,2211.0,284.0,360.0,1,Rural,0
Male,Yes,2,Graduate,No,6227.0,269.0,135.0,360.0,1,Urban,1
Female,Yes,0,Not Graduate,No,8609.0,190.0,350.0,300.0,0,Semiurban,0
Male,Yes,0,Not Graduate,No,7928.0,498.0,284.0,300.0,1,Rural,1
Male,No,0,Graduate,No,5156.0,2542.0,432.0,180.0,1,Urban,1
Male,No,0,Graduate,No,10838.0,3062.0,70.0,180.0,1,Urban,1
Female,Yes,2,Graduate,No,8977.0,2450.0,101.0,120.0,0,Rural,1
Male,No,3+,Graduate,No,2389.0,5731.0,332.0,360.0,1,Urban,1
Female,Yes,0,Not Graduate,No,8151.0,1348.0,466.0,120.0,1,Urban,1
Male,No,2,Graduate,No,6756.0,2357.0,429.0,120.0,0,Semiurban,1
Female,Yes,0,Graduate,No,12245.0,1483.0,456.0,360.0,1,Rural,1
Male,No,1,Graduate,No,5639.0,1798.0,117.0,300.0,1,Semiurban,1
Male,No,2,Graduate,No,14405.0,3504.0,283.0,240.0,1,Semiurban,1
Male,Yes,0,Not Graduate,No,9802.0,1859.0,376.0,180.0,1,Rural,1
Male,Yes,0,Graduate,No,3264.0,1906.0,331.0,120.0,1,Semiurban,1
Male,No,1,Graduate,No,6945.0,4024.0,399.0,240.0,1,Semiurban,1
Male,Yes,3+,Not Graduate,No,13432.0,4981.0,145.0,240.0,1,Semiurban,1
Female,Yes,0,Graduate,No,4936.0,1275.0,255.0,300.0,1,Urban,1
Male,No,0,Graduate,No,11014.0,668.0,251.0,120.0,1,Urban,1
Male,Yes,0,Graduate,No,12075.0,1436.0,472.0,180.0,1,Semiurban,1
Male,Yes,0,Graduate,No,10849.0,3465.0,141.0,120.0,1,Urban,1
Male,Yes,1,Graduate,No,2720.0,5758.0,196.0,240.0,1,Semiurban,1
Female,Yes,2,Not Graduate,No,6553.0,960.0,59.0,180.0,1,Urban,1
Male,No,2,Graduate,Yes,6200.0,256.0,118.0,180.0,1,Semiurban,1
Male,Yes,2,Not Graduate,No,6142.0,3169.0,491.0,300.0,1,Urban,1
Female,Yes,2,Not Graduate,No,13366.0,5945.0,431.0,240.0,1,Semiurban,1
Female,Yes,0,Not Graduate,No,1576.0,3315.0,166.0,180.0,1,Rural,1
Male,No,0,Graduate,No,8776.0,5546.0,365.0,360.0,0,Urban,1
Female,Yes,0,Graduate,No,14759.0,3853.0,316.0,240.0,1,Urban,1
Male,No,0,Graduate,No,13319.0,189.0,457.0,240.0,1,Urban,1
Female,No,3+,Graduate,No,9687.0,2564.0,185.0,240.0,1,Rural,1
Male,No,1,Graduate,No,14972.0,4620.0,497.0,120.0,1,Urban,1
Male,No,3+,Graduate,Yes,6931.0,3056.0,284.0,240.0,1,Rural,1
Male,No,0,Graduate,No,9753.0,1168.0,372.0,300.0,1,Urban,1
Female,No,0,Graduate,No,8840.0,1085.0,228.0,120.0,0,Urban,1
Male,Yes,0,Graduate,No,2138.0,3981.0,352.0,300.0,1,Rural,1
Male,No,0,Graduate,No,2047.0,2778.0,200.0,120.0,1,Semiurban,1
Male,Yes,0,Graduate,No,13607.0,3444.0,429.0,300.0,1,Urban,1
Male,Yes,0,Not Graduate,Yes,3844.0,2238.0,336.0,120.0,1,Rural,1
Male,No,0,Graduate,Yes,6290.0,2034.0,284.0,180.0,0,Urban,0
Female,No,3+,Not Graduate,No,9915.0,3996.0,482.0,240.0,1,Urban,1
Male,No,0,Not Graduate,No,9269.0,46.0,369.0,300.0,1,Semiurban,0
Male,Yes,0,Graduate,No,8442.0,2608.0,242.0,360.0,1,Semiurban,0
Male,Yes,2,Graduate,No,14718.0,2224.0,111.0,240.0,1,Rural,1
Male,Yes,0,Graduate,No,12125.0,4676.0,487.0,120.0,1,Urban,1
Male,Yes,3+,Graduate,No,14213.0,4370.0,389.0,240.0,1,Rural,1
Female,Yes,1,Graduate,No,10393.0,2555.0,350.0,360.0,1,Semiurban,1
Male,Yes,0,Graduate,No,14718.0,1576.0,424.0,120.0,1,Rural,1
Female,Yes,1,Not Graduate,Yes,9619.0,1414.0,323.0,360.0,1,Rural,1
Male,No,1,Not Graduate,No,8813.0,1267.0,154.0,240.0,1,Rural,1
Female,Yes,2,Not Graduate,Yes,12506.0,1642.0,156.0,120.0,1,Semiurban,1
Female,No,2,Graduate,No,13228.0,4563.0,284.0,360.0,1,Urban,1
Male,Yes,1,Graduate,No,2421.0,271.0,78.0,120.0,1,Semiurban,1
Male,Yes,1,Not Graduate,No,13792.0,156.0,377.0,240.0,1,Semiurban,1
Female,Yes,0,Graduate,No,10826.0,3239.0,433.0,180.0,0,Semiurban,1
Male,Yes,1,Graduate,No,13618.0,1340.0,123.0,300.0,1,Rural,1
Male,No,3+,Graduate,No,11160.0,4985.0,308.0,120.0,1,Urban,1
Male,Yes,1,Graduate,No,14013.0,4513.0,105.0,120.0,1,Rural,1
Male,Yes,1,Graduate,No,5214.0,4614.0,236.0,300.0,1,Urban,1
Male,No,0,Graduate,No,4033.0,2742.0,405.0,480.0,0,Rural,1
Male,No,2,Graduate,No,4141.0,2626.0,415.0,120.0,1,Urban,1
Female,Yes,3+,Graduate,Yes,4904.0,2553.0,476.0,240.0,1,Urban,1
Male,Yes,0,Graduate,No,4387.0,1176.0,189.0,360.0,0,Rural,1
Male,Yes,0,Graduate,No,7461.0,3403.0,476.0,180.0,1,Rural,1
Male,Yes,0,Graduate,No,4174.0,5180.0,402.0,240.0,1,Rural,1
Male,Yes,0,Not Graduate,Yes,3635.0,1539.0,202.0,480.0,1,Rural,1
Male,Yes,1,Graduate,No,8571.0,340.0,197.0,360.0,1,Urban,1
Female,No,0,Graduate,No,12210.0,3388.0,98.0,180.0,1,Rural,1
Male,Yes,0,Graduate,No,3330.0,2395.0,464.0,360.0,1,Urban,1
Male,Yes,1,Graduate,No,8402.0,4784.0,141.0,360.0,1,Semiurban,1
Male,Yes,1,Not Graduate,Yes,10400.0,5139.0,170.0,300.0,1,Semiurban,1
Male,No,1,Graduate,No,11025.0,5703.0,235.0,240.0,1,Urban,1
Female,Yes,1,Graduate,No,2918.0,2359.0,111.0,480.0,1,Semiurban,1
Male,No,1,Graduate,No,11405.0,5410.0,412.0,480.0,1,Rural,1
Male,No,2,Graduate,No,1863.0,707.0,364.0,480.0,1,Urban,1
Male,Yes,1,Not Graduate,No,4698.0,2236.0,120.0,360.0,1,Rural,1
Male,Yes,0,Not Graduate,No,5810.0,1595.0,123.0,240.0,1,Semiurban,1
Female,Yes,1,Not Graduate,No,13015.0,5538.0,59.0,120.0,1,Urban,1
Male,Yes,0,Not Graduate,No,4090.0,3600.0,477.0,120.0,1,Semiurban,1
Male,No,0,Graduate,Yes,12062.0,2195.0,246.0,480.0,1,Urban,1
Male,Yes,0,Not Graduate,No,14846.0,3070.0,344.0,240.0,1,Urban,0
Male,No,2,Graduate,No,14459.0,4697.0,117.0,120.0,1,Semiurban,1
Male,Yes,1,Not Graduate,No,5590.0,3929.0,153.0,180.0,1,Urban,0
Female,Yes,0,Graduate,No,2792.0,5117.0,284.0,120.0,1,Urban,1
Male,Yes,1,Graduate,No,4497.0,2628.0,143.0,300.0,1,Rural,1
Male,No,0,Graduate,No,11879.0,899.0,325.0,300.0,1,Urban,1
Male,No,1,Not Graduate,No,4156.0,2006.0,465.0,240.0,0,Rural,0
Male,Yes,2,Graduate,No,10215.0,3720.0,187.0,360.0,1,Rural,1
Female,Yes,1,Graduate,No,6547.0,1445.0,323.0,240.0,1,Urban,1
Male,No,1,Graduate,No,11852.0,424.0,462.0,480.0,0,Semiurban,0
Male,Yes,0,Not Graduate,No,9678.0,4939.0,452.0,360.0,0,Urban,0
Male,No,0,Graduate,No,9404.0,3183.0,53.0,120.0,1,Semiurban,1
Male,Yes,2,Graduate,No,12056.0,2380.0,99.0,180.0,1,Urban,1
Male,Yes,1,Graduate,No,14390.0,3317.0,493.0,360.0,1,Rural,0
Male,Yes,0,Graduate,Yes,6421.0,4430.0,466.0,300.0,1,Urban,1
Male,Yes,0,Graduate,No,8639.0,8.0,194.0,360.0,1,Semiurban,1
Male,Yes,0,Graduate,No,9950.0,2642.0,284.0,240.0,1,Urban,1
Male,Yes,0,Not Graduate,No,12611.0,1525.0,307.0,120.0,1,Urban,1
Male,No,0,Not Graduate,No,8007.0,551.0,350.0,360.0,1,Semiurban,1
Male,Yes,0,Not Graduate,No,6556.0,215.0,387.0,360.0,1,Semiurban,1
Male,Yes,3+,Graduate,No,12927.0,2643.0,217.0,300.0,1,Rural,1
Male,Yes,0,Graduate,No,14368.0,3263.0,450.0,240.0,1,Urban,1
Male,Yes,0,Graduate,No,9182.0,3046.0,76.0,120.0,1,Urban,1
Male,Yes,0,Not Graduate,No,2897.0,4697.0,64.0,360.0,0,Urban,0
Male,Yes,0,Graduate,No,5413.0,2747.0,481.0,300.0,1,Urban,1
Male,Yes,2,Graduate,No,7749.0,3539.0,129.0,360.0,0,Rural,1
Male,Yes,0,Graduate,No,10998.0,4897.0,497.0,180.0,0,Rural,1
Male,No,2,Graduate,No,10541.0,3943.0,178.0,360.0,1,Rural,1
Male,Yes,2,Graduate,Yes,12570.0,5465.0,214.0,360.0,1,Urban,1
Male,No,0,Graduate,No,1904.0,1329.0,62.0,480.0,1,Semiurban,1
Male,Yes,1,Graduate,No,7783.0,4720.0,474.0,300.0,0,Rural,0
Male,Yes,3+,Graduate,No,10964.0,4180.0,211.0,360.0,1,Urban,1
Male,No,0,Graduate,No,14827.0,3496.0,125.0,240.0,1,Semiurban,1
Male,Yes,0,Not Graduate,No,3421.0,22.0,267.0,360.0,0,Urban,0
Male,No,3+,Graduate,Yes,13367.0,3248.0,119.0,360.0,1,Urban,1
Male,Yes,2,Graduate,No,1604.0,5150.0,405.0,360.0,0,Rural,1
Male,Yes,0,Not Graduate,No,4158.0,3867.0,82.0,480.0,1,Urban,1
Male,No,0,Graduate,No,12934.0,3070.0,274.0,120.0,1,Rural,0
Male,Yes,0,Graduate,No,12121.0,1726.0,226.0,360.0,1,Urban,1
Male,Yes,2,Graduate,No,14632.0,3416.0,66.0,360.0,1,Urban,1
Male,No,0,Not Graduate,No,9612.0,4871.0,73.0,300.0,1,Urban,1
Male,No,0,Graduate,Yes,9815.0,2669.0,283.0,300.0,0,Urban,1
Female,No,1,Graduate,No,8719.0,5141.0,227.0,360.0,1,Semiurban,1
Female,Yes,3+,Graduate,No,8408.0,4775.0,108.0,240.0,1,Urban,1
Male,Yes,2,Graduate,No,8438.0,1603.0,112.0,240.0,0,Semiurban,1
Male,No,0,Graduate,Yes,5449.0,1169.0,412.0,360.0,1,Rural,1
Male,Yes,0,Graduate,No,13021.0,5416.0,378.0,360.0,1,Urban,1
Male,No,3+,Graduate,No,6314.0,3535.0,323.0,180.0,0,Urban,1
Female,Yes,3+,Not Graduate,No,9746.0,3070.0,425.0,360.0,1,Semiurban,0
Male,Yes,0,Graduate,No,10534.0,5532.0,284.0,180.0,1,Rural,1
Male,No,1,Graduate,No,8759.0,2546.0,359.0,120.0,1,Semiurban,1
Male,Yes,0,Not Graduate,No,9754.0,274.0,388.0,480.0,1,Urban,1
Female,Yes,0,Graduate,No,2159.0,5454.0,140.0,180.0,1,Semiurban,1
Male,Yes,0,Not Graduate,No,5765.0,3501.0,291.0,180.0,1,Semiurban,1
Male,No,0,Not Graduate,Yes,7552.0,722.0,395.0,180.0,1,Urban,1
Male,No,0,Not Graduate,Yes,6821.0,3178.0,321.0,240.0,1,Urban,1
Male,Yes,2,Graduate,No,13758.0,167.0,162.0,120.0,1,Rural,1
Male,Yes,0,Graduate,No,13611.0,1738.0,349.0,120.0,1,Urban,1
Male,No,0,Graduate,No,11108.0,2087.0,391.0,240.0,1,Urban,1
Male,Yes,0,Graduate,No,6255.0,2726.0,54.0,180.0,1,Urban,1
Female,Yes,0,Graduate,No,2187.0,3392.0,305.0,180.0,1,Semiurban,1
Female,Yes,0,Graduate,Yes,11694.0,5036.0,277.0,480.0,0,Semiurban,1
Male,Yes,0,Not Graduate,No,13433.0,2108.0,215.0,300.0,1,Urban,1
Male,No,0,Graduate,No,8110.0,4411.0,284.0,120.0,1,Semiurban,0
Male,No,1,Graduate,No,12660.0,3070.0,87.0,120.0,1,Semiurban,1
Male,No,3+,Graduate,No,14064.0,4491.0,387.0,360.0,1,Urban,1
Male,Yes,0,Graduate,No,8880.0,1528.0,422.0,180.0,0,Rural,0
Female,Yes,3+,Graduate,No,4329.0,4066.0,238.0,120.0,1,Urban,1
Female,Yes,3+,Graduate,No,1802.0,1687.0,472.0,300.0,1,Urban,1
Male,Yes,2,Not Graduate,No,11718.0,2867.0,467.0,480.0,1,Rural,1
Male,Yes,1,Graduate,No,9092.0,3808.0,349.0,240.0,1,Rural,1
Male,Yes,1,Graduate,No,3575.0,1759.0,311.0,360.0,1,Urban,1
Male,Yes,1,Graduate,No,2236.0,23.0,484.0,240.0,0,Rural,0
Male,Yes,1,Graduate,No,14588.0,5022.0,324.0,120.0,1,Semiurban,1
Male,No,0,Graduate,No,5825.0,4365.0,470.0,360.0,1,Urban,1
Male,Yes,3+,Graduate,No,5915.0,738.0,490.0,480.0,1,Rural,1
Male,Yes,1,Not Graduate,Yes,9990.0,2264.0,137.0,480.0,1,Rural,1
Male,No,2,Graduate,No,6419.0,1570.0,347.0,120.0,1,Urban,1
Male,No,0,Graduate,No,13824.0,5866.0,379.0,300.0,1,Semiurban,1
Male,No,0,Graduate,No,10692.0,5650.0,419.0,300.0,1,Urban,1
Female,Yes,0,Graduate,No,6330.0,4148.0,207.0,120.0,1,Urban,1
Female,No,0,Not Graduate,Yes,5099.0,2644.0,437.0,480.0,0,Rural,0
Male,Yes,0,Graduate,Yes,13110.0,313.0,269.0,120.0,1,Semiurban,1
Female,Yes,0,Not Graduate,No,9488.0,1481.0,224.0,180.0,0,Semiurban,0
Female,Yes,0,Graduate,No,13897.0,555.0,120.0,480.0,1,Semiurban,1
Male,Yes,0,Graduate,No,6158.0,4736.0,194.0,300.0,1,Semiurban,1
Male,Yes,0,Graduate,No,1784.0,529.0,488.0,360.0,0,Urban,0
Male,Yes,3+,Graduate,No,13638.0,4065.0,372.0,240.0,1,Rural,1
Male,No,0,Not Graduate,No,4732.0,5715.0,376.0,360.0,1,Semiurban,1
Male,Yes,0,Graduate,No,12913.0,1847.0,453.0,120.0,1,Semiurban,1
Male,Yes,0,Not Graduate,No,11083.0,4104.0,170.0,360.0,1,Semiurban,1
Male,Yes,0,Not Graduate,Yes,4629.0,5274.0,347.0,120.0,0,Urban,0
Male,Yes,0,Graduate,No,11717.0,2565.0,217.0,180.0,1,Urban,1
Male,Yes,1,Graduate,Yes,2601.0,2693.0,431.0,300.0,1,Urban,1
Female,Yes,3+,Graduate,No,6797.0,1202.0,240.0,240.0,1,Urban,1
Male,Yes,0,Graduate,No,6313.0,2565.0,434.0,120.0,1,Semiurban,1
Male,No,1,Not Graduate,No,10366.0,5241.0,386.0,360.0,1,Rural,0
Male,No,0,Graduate,No,8716.0,3980.0,397.0,180.0,0,Urban,0
Male,Yes,0,Not Graduate,No,9764.0,1209.0,466.0,480.0,1,Urban,1
Male,Yes,0,Graduate,Yes,7928.0,3159.0,405.0,120.0,0,Semiurban,1
Male,No,0,Graduate,No,11486.0,4240.0,194.0,180.0,1,Urban,1
Male,No,1,Graduate,No,3661.0,464.0,284.0,180.0,1,Rural,1
Male,Yes,1,Graduate,No,11201.0,4579.0,262.0,300.0,1,Urban,1
Female,No,2,Not Graduate,No,2175.0,1207.0,79.0,240.0,1,Urban,0
Male,No,0,Graduate,No,2659.0,1767.0,316.0,120.0,0,Urban,1
Male,No,1,Not Graduate,No,11269.0,2498.0,246.0,300.0,1,Rural,1
Male,Yes,0,Not Graduate,No,3636.0,3029.0,227.0,480.0,1,Urban,1
Male,Yes,0,Not Graduate,No,11896.0,5496.0,99.0,120.0,1,Semiurban,1
Male,Yes,0,Graduate,Yes,3291.0,1337.0,276.0,180.0,1,Urban,1
Male,Yes,1,Not Graduate,No,3480.0,1535.0,310.0,240.0,1,Urban,0
Male,Yes,3+,Graduate,No,14088.0,2273.0,97.0,360.0,0,Rural,1
Male,Yes,0,Graduate,No,3893.0,5143.0,335.0,120.0,1,Urban,1
Female,Yes,0,Graduate,No,13832.0,5790.0,125.0,180.0,1,Urban,1
Male,Yes,2,Graduate,No,6199.0,2726.0,115.0,180.0,1,Semiurban,1
Male,No,2,Graduate,No,12265.0,4158.0,230.0,300.0,1,Rural,1
Female,Yes,0,Graduate,No,14182.0,5503.0,225.0,120.0,1,Urban,1
Male,Yes,1,Graduate,No,3075.0,5079.0,461.0,300.0,1,Urban,1
Female,No,1,Not Graduate,No,5961.0,4087.0,80.0,240.0,1,Rural,1
Male,No,2,Graduate,Yes,9252.0,3243.0,207.0,180.0,1,Semiurban,1
Female,No,0,Graduate,No,13184.0,5906.0,380.0,480.0,0,Rural,0
Male,No,3+,Graduate,Yes,4027.0,1434.0,162.0,360.0,1,Rural,1
Male,No,0,Graduate,No,4021.0,2176.0,491.0,360.0,1,Semiurban,1
Male,Yes,2,Not Graduate,No,6473.0,4277.0,384.0,480.0,1,Semiurban,0
Male,Yes,0,Graduate,No,4261.0,125.0,475.0,180.0,1,Urban,1
Male,Yes,0,Graduate,No,5105.0,3003.0,477.0,480.0,1,Semiurban,1
Female,Yes,0,Not Graduate,No,3252.0,5126.0,99.0,180.0,1,Semiurban,1
Male,No,0,Not Graduate,No,12690.0,1061.0,256.0,180.0,1,Rural,1
Male,Yes,0,Graduate,No,12255.0,4818.0,385.0,300.0,1,Semiurban,1
Male,Yes,0,Graduate,No,3450.0,2474.0,53.0,360.0,0,Urban,1
Male,Yes,0,Graduate,No,8746.0,5163.0,253.0,300.0,0,Semiurban,1
Male,Yes,0,Graduate,No,10223.0,3809.0,359.0,300.0,1,Semiurban,1
Female,Yes,2,Not Graduate,No,9971.0,943.0,406.0,240.0,1,Semiurban,1
Male,Yes,2,Graduate,No,14782.0,4411.0,236.0,300.0,1,Rural,1
Male,No,1,Not Graduate,No,10157.0,336.0,438.0,240.0,1,Semiurban,1
Male,Yes,0,Graduate,No,10775.0,1459.0,353.0,240.0,1,Urban,1
Male,No,0,Graduate,No,1943.0,5330.0,70.0,300.0,0,Semiurban,1
Male,No,3+,Not Graduate,No,2569.0,5255.0,174.0,300.0,1,Semiurban,1
Male,Yes,0,Not Graduate,No,9855.0,278.0,472.0,180.0,1,Rural,1
Male,Yes,0,Not Graduate,No,13755.0,2277.0,51.0,120.0,1,Semiurban,1
Female,No,3+,Not Graduate,No,6886.0,564.0,98.0,180.0,1,Semiurban,1
Male,Yes,3+,Graduate,No,10181.0,1626.0,205.0,240.0,1,Semiurban,1
Male,No,0,Graduate,No,4335.0,5804.0,497.0,120.0,1,Semiurban,1
Male,Yes,1,Graduate,No,7660.0,1170.0,367.0,180.0,1,Urban,1
Female,No,0,Graduate,No,11642.0,3848.0,116.0,480.0,1,Rural,1
Male,No,2,Graduate,No,10405.0,4825.0,226.0,180.0,1,Rural,1
Female,Yes,0,Not Graduate,No,3041.0,5285.0,472.0,360.0,1,Semiurban,1
Male,Yes,0,Graduate,No,13367.0,2124.0,148.0,120.0,1,Semiurban,1
Female,No,1,Graduate,No,14016.0,4181.0,308.0,480.0,0,Urban,1
Male,Yes,0,Graduate,No,7941.0,2900.0,258.0,180.0,1,Semiurban,1
Male,Yes,1,Graduate,Yes,6100.0,644.0,392.0,240.0,1,Semiurban,1
Male,Yes,0,Graduate,No,8672.0,3070.0,388.0,360.0,1,Semiurban,1
Male,Yes,2,Graduate,No,12318.0,4489.0,424.0,180.0,1,Urban,1
Male,No,2,Graduate,No,7608.0,4116.0,103.0,300.0,1,Semiurban,1
Female,No,0,Graduate,No,1906.0,3126.0,254.0,360.0,1,Urban,1
Female,Yes,2,Not Graduate,No,2479.0,4686.0,361.0,120.0,1,Semiurban,1
Male,No,0,Graduate,No,12456.0,4147.0,238.0,120.0,1,Semiurban,0
Male,Yes,0,Graduate,No,12125.0,2036.0,350.0,360.0,1,Urban,1
Male,Yes,0,Graduate,Yes,11922.0,1763.0,336.0,180.0,1,Semiurban,1
Male,Yes,2,Graduate,No,3206.0,5670.0,216.0,480.0,1,Rural,1
Male,No,2,Graduate,No,3804.0,5831.0,95.0,480.0,1,Semiurban,1
Male,Yes,3+,Not Graduate,No,6826.0,183.0,486.0,480.0,1,Urban,1
Male,Yes,2,Graduate,No,4616.0,4744.0,421.0,480.0,1,Semiurban,1
Male,Yes,3+,Graduate,No,6722.0,797.0,452.0,360.0,1,Urban,1
Female,No,0,Graduate,No,9039.0,5167.0,184.0,240.0,1,Semiurban,1
Male,Yes,3+,Not Graduate,No,5280.0,3532.0,192.0,480.0,1,Semiurban,1
Female,Yes,1,Graduate,Yes,3167.0,4126.0,195.0,240.0,1,Urban,1
Male,No,0,Graduate,No,6933.0,4208.0,63.0,300.0,0,Semiurban,1
Male,Yes,0,Not Graduate,No,11254.0,3629.0,126.0,120.0,1,Rural,1
Male,Yes,0,Graduate,No,9843.0,1504.0,188.0,480.0,1,Rural,1
Male,Yes,0,Graduate,No,5839.0,4843.0,494.0,300.0,1,Urban,1
Female,Yes,0,Graduate,No,5703.0,3324.0,142.0,480.0,1,Urban,1
Female,Yes,0,Graduate,No,9379.0,3270.0,278.0,240.0,1,Semiurban,1
Female,No,0,Not Graduate,No,3828.0,1910.0,296.0,180.0,1,Urban,1
Male,Yes,2,Graduate,No,12754.0,60.0,211.0,300.0,0,Semiurban,1
Male,No,1,Graduate,No,13236.0,3324.0,463.0,480.0,1,Urban,1
Male,No,0,Graduate,No,1843.0,2070.0,91.0,300.0,1,Urban,1
Male,Yes,0,Graduate,Yes,14606.0,3955.0,441.0,360.0,1,Semiurban,1
Male,Yes,0,Not Graduate,No,1816.0,2187.0,384.0,180.0,1,Urban,1
Male,No,0,Graduate,No,7690.0,5836.0,187.0,360.0,1,Semiurban,1
Male,Yes,2,Not Graduate,No,10508.0,4085.0,395.0,360.0,1,Urban,1
Female,No,0,Graduate,No,5914.0,2734.0,242.0,480.0,1,Semiurban,1
Male,No,1,Graduate,No,4248.0,4249.0,486.0,120.0,1,Semiurban,1
Female,Yes,2,Graduate,Yes,2141.0,3889.0,66.0,240.0,1,Rural,1
Male,Yes,1,Not Graduate,No,11319.0,3723.0,63.0,120.0,1,Rural,1
Male,Yes,2,Graduate,Yes,1997.0,3468.0,294.0,240.0,1,Urban,1
Male,Yes,0,Graduate,No,8036.0,5591.0,469.0,360.0,1,Semiurban,1
Female,Yes,2,Graduate,No,6803.0,1905.0,78.0,300.0,1,Urban,1
Male,Yes,1,Graduate,No,14563.0,2594.0,400.0,360.0,1,Semiurban,1
Male,No,2,Graduate,No,14058.0,1518.0,472.0,360.0,1,Urban,1
Male,No,1,Graduate,No,12536.0,3417.0,268.0,480.0,0,Semiurban,0
Male,No,2,Not Graduate,No,11364.0,5927.0,440.0,480.0,1,Urban,1
Male,Yes,3+,Graduate,No,8829.0,3650.0,390.0,300.0,1,Rural,1
Female,Yes,0,Graduate,No,6215.0,1241.0,146.0,480.0,0,Semiurban,1
Male,Yes,2,Graduate,Yes,3749.0,5529.0,434.0,120.0,1,Semiurban,1
Male,Yes,2,Graduate,Yes,14568.0,4741.0,364.0,360.0,1,Urban,1
Female,No,0,Graduate,No,6696.0,2640.0,55.0,300.0,1,Urban,1
Male,Yes,3+,Graduate,No,7288.0,879.0,305.0,480.0,1,Urban,1
Female,Yes,0,Graduate,No,3406.0,2415.0,344.0,300.0,1,Rural,1
Male,No,0,Graduate,Yes,5236.0,4826.0,410.0,180.0,1,Rural,1
Male,Yes,0,Not Graduate,No,10067.0,3462.0,397.0,360.0,1,Urban,1
Male,Yes,0,Graduate,No,7255.0,1114.0,264.0,480.0,1,Rural,1
Male,Yes,2,Graduate,No,9409.0,951.0,184.0,120.0,1,Semiurban,1
Female,Yes,0,Not Graduate,No,4355.0,5802.0,136.0,120.0,0,Urban,0
Male,No,0,Not Graduate,No,2608.0,2683.0,90.0,300.0,1,Semiurban,1
Male,Yes,0,Graduate,Yes,13456.0,4115.0,337.0,300.0,0,Urban,1
Male,No,0,Graduate,No,7332.0,2163.0,481.0,300.0,1,Urban,0
Male,No,2,Graduate,No,6375.0,540.0,86.0,120.0,1,Semiurban,1
Female,No,2,Graduate,No,5362.0,2471.0,366.0,300.0,1,Urban,1
Female,Yes,0,Graduate,No,10382.0,4159.0,313.0,300.0,1,Rural,1
Male,Yes,1,Graduate,No,9101.0,2000.0,127.0,480.0,1,Semiurban,1
Male,No,0,Graduate,No,6752.0,3621.0,145.0,240.0,0,Rural,1
Male,Yes,1,Graduate,No,14067.0,2628.0,178.0,240.0,1,Semiurban,1
Male,Yes,0,Graduate,No,13673.0,2025.0,358.0,120.0,1,Rural,1
Female,No,0,Graduate,Yes,4180.0,1530.0,184.0,300.0,1,Urban,1
Male,Yes,0,Graduate,No,10172.0,1564.0,422.0,300.0,1,Semiurban,1
Male,No,1,Not Graduate,No,14572.0,3070.0,216.0,180.0,1,Semiurban,0
Male,No,0,Not Graduate,No,8091.0,4312.0,99.0,360.0,1,Rural,1
Female,No,0,Graduate,Yes,1907.0,2023.0,92.0,480.0,1,Urban,1
Male,Yes,2,Graduate,Yes,3283.0,4448.0,230.0,180.0,0,Semiurban,1
Male,No,2,Graduate,Yes,10513.0,1866.0,233.0,300.0,1,Rural,1
Male,Yes,0,Graduate,No,13675.0,1963.0,380.0,360.0,1,Urban,1
Male,No,2,Graduate,No,3233.0,5545.0,265.0,120.0,1,Rural,1
Male,No,2,Graduate,Yes,8882.0,5257.0,123.0,180.0,1,Urban,0
Male,No,0,Graduate,No,8207.0,2404.0,145.0,240.0,1,Urban,1
Male,Yes,1,Graduate,No,5348.0,1612.0,304.0,120.0,1,Semiurban,1
Male,Yes,0,Graduate,No,10027.0,4293.0,200.0,240.0,1,Semiurban,1
Male,Yes,1,Graduate,No,13352.0,419.0,352.0,120.0,1,Urban,1
Male,Yes,0,Graduate,No,4729.0,2738.0,465.0,480.0,0,Urban,1
Female,Yes,1,Not Graduate,No,2234.0,3599.0,209.0,300.0,0,Urban,0
Male,Yes,0,Graduate,No,6346.0,4054.0,298.0,180.0,1,Rural,1
Male,Yes,0,Graduate,No,5740.0,642.0,424.0,360.0,1,Rural,1
Male,No,3+,Graduate,No,11317.0,17.0,144.0,120.0,1,Semiurban,1
Female,No,0,Graduate,No,8747.0,1659.0,279.0,300.0,1,Urban,1
Male,Yes,2,Graduate,No,1741.0,715.0,187.0,360.0,0,Semiurban,1
Male,No,3+,Graduate,No,6087.0,3043.0,332.0,360.0,1,Rural,0
Female,No,2,Graduate,No,11423.0,5517.0,384.0,180.0,1,Rural,1
Male,Yes,0,Graduate,No,7935.0,1718.0,113.0,300.0,1,Urban,1
Male,Yes,2,Graduate,No,9098.0,2722.0,134.0,360.0,1,Urban,1
Male,No,0,Graduate,No,5068.0,1289.0,60.0,360.0,1,Rural,1
Male,No,0,Graduate,No,5811.0,263.0,55.0,180.0,1,Rural,1
Male,No,2,Graduate,No,3256.0,4219.0,72.0,480.0,1,Urban,1
Male,No,1,Not Graduate,No,2601.0,1538.0,368.0,180.0,1,Rural,0
Male,No,0,Graduate,No,1997.0,3281.0,456.0,240.0,1,Urban,1
Male,Yes,0,Graduate,No,9929.0,4098.0,234.0,180.0,0,Urban,1
Female,Yes,2,Graduate,No,3628.0,5038.0,447.0,120.0,1,Rural,1
Male,Yes,1,Graduate,Yes,9245.0,1113.0,378.0,180.0,1,Semiurban,1
Male,No,0,Graduate,No,14364.0,3487.0,413.0,120.0,1,Semiurban,1
Male,Yes,2,Graduate,Yes,10912.0,5464.0,382.0,360.0,1,Rural,1
Male,Yes,0,Graduate,No,9267.0,2900.0,139.0,300.0,1,Rural,1
Male,No,0,Graduate,No,3077.0,243.0,285.0,240.0,1,Urban,1
Male,Yes,1,Graduate,No,8100.0,1567.0,286.0,300.0,1,Semiurban,1
Female,No,3+,Not Graduate,No,13530.0,4768.0,338.0,300.0,1,Rural,1
Male,Yes,0,Graduate,No,6688.0,4752.0,408.0,180.0,0,Semiurban,0
Female,No,0,Not Graduate,No,12653.0,1886.0,100.0,180.0,1,Rural,1
Female,No,0,Graduate,No,11063.0,1181.0,353.0,480.0,1,Semiurban,1
Male,Yes,2,Not Graduate,No,5101.0,1750.0,424.0,120.0,1,Urban,0
Male,No,0,Not Graduate,No,3407.0,1453.0,101.0,480.0,1,Urban,1
Male,Yes,0,Graduate,No,1729.0,4445.0,236.0,480.0,1,Rural,1
Male,Yes,3+,Not Graduate,No,5227.0,5049.0,452.0,180.0,0,Rural,0
Male,No,0,Not Graduate,No,5994.0,279.0,284.0,180.0,1,Urban,0
Female,No,0,Graduate,No,10354.0,4447.0,122.0,180.0,1,Urban,0
Male,Yes,0,Graduate,No,9229.0,4514.0,411.0,300.0,1,Rural,1
Male,Yes,2,Graduate,No,7967.0,3677.0,127.0,180.0,1,Urban,1
Male,No,0,Not Graduate,No,11259.0,5227.0,365.0,360.0,1,Urban,1
Female,Yes,0,Graduate,No,11896.0,233.0,455.0,240.0,1,Rural,1
Male,Yes,0,Not Graduate,Yes,11132.0,4198.0,274.0,480.0,1,Rural,1
Male,Yes,2,Not Graduate,No,13610.0,763.0,268.0,480.0,1,Rural,1
Male,Yes,2,Not Graduate,No,6356.0,5382.0,242.0,240.0,1,Semiurban,1
Male,No,0,Graduate,No,12615.0,2999.0,217.0,300.0,1,Urban,1
Male,Yes,0,Graduate,No,7180.0,545.0,221.0,120.0,1,Rural,1
Male,Yes,2,Graduate,No,3986.0,4478.0,299.0,120.0,1,Urban,1
Male,No,0,Not Graduate,No,3468.0,4495.0,452.0,300.0,1,Urban,1
Male,Yes,0,Not Graduate,No,2734.0,2784.0,491.0,240.0,1,Rural,1
Male,No,0,Graduate,No,14400.0,1862.0,439.0,240.0,0,Semiurban,0
Male,Yes,0,Graduate,No,3787.0,103.0,103.0,120.0,1,Rural,1
Male,No,0,Graduate,No,12775.0,5447.0,188.0,480.0,1,Urban,1
Male,No,0,Not Graduate,No,12077.0,1105.0,390.0,240.0,0,Rural,0
Male,No,0,Graduate,No,7429.0,5056.0,295.0,240.0,1,Semiurban,0
Male,Yes,0,Graduate,Yes,13836.0,3532.0,200.0,240.0,1,Semiurban,1
Male,Yes,1,Not Graduate,Yes,13762.0,4111.0,190.0,240.0,1,Rural,1
Male,No,1,Graduate,No,13993.0,4165.0,102.0,300.0,1,Semiurban,1
Male,Yes,0,Graduate,No,8207.0,5148.0,199.0,360.0,1,Semiurban,1
Male,Yes,2,Graduate,No,5525.0,200.0,239.0,300.0,1,Semiurban,1
Female,Yes,0,Not Graduate,No,2091.0,5947.0,284.0,120.0,1,Rural,0
Male,No,2,Graduate,No,12844.0,259.0,296.0,480.0,1,Rural,1
Male,No,0,Graduate,Yes,13285.0,5994.0,172.0,180.0,1,Semiurban,1
Male,Yes,2,Graduate,Yes,8739.0,1567.0,142.0,120.0,1,Urban,1
Male,No,0,Graduate,No,2457.0,5075.0,449.0,120.0,1,Urban,1
Male,Yes,0,Not Graduate,No,12607.0,501.0,232.0,360.0,1,Rural,1
Male,Yes,0,Graduate,No,5527.0,2765.0,164.0,240.0,1,Rural,1
Female,Yes,0,Graduate,Yes,8902.0,3251.0,336.0,120.0,1,Rural,1
Male,Yes,0,Graduate,No,10402.0,5725.0,294.0,360.0,1,Urban,1
Male,Yes,1,Graduate,No,3469.0,742.0,309.0,180.0,1,Semiurban,1
Male,No,2,Graduate,No,2347.0,218.0,149.0,480.0,1,Rural,1
Male,No,0,Graduate,No,2569.0,3889.0,375.0,480.0,1,Rural,0
Male,Yes,2,Graduate,No,14447.0,295.0,136.0,120.0,1,Urban,1
Male,Yes,2,Graduate,No,14422.0,4663.0,426.0,360.0,1,Semiurban,1
Male,Yes,2,Graduate,No,7262.0,229.0,240.0,300.0,1,Urban,1
Female,No,1,Graduate,No,7248.0,5823.0,234.0,180.0,0,Semiurban,0
Male,No,1,Not Graduate,Yes,6991.0,3196.0,224.0,240.0,1,Urban,0
Male,No,0,Graduate,No,6232.0,5690.0,240.0,240.0,1,Urban,1
Male,Yes,1,Not Graduate,No,8841.0,759.0,349.0,120.0,1,Urban,1
Male,Yes,3+,Graduate,No,6310.0,1640.0,273.0,360.0,1,Rural,1
Male,Yes,0,Graduate,No,9818.0,2729.0,107.0,180.0,0,Rural,1
Male,Yes,0,Graduate,No,6615.0,176.0,304.0,480.0,1,Rural,1
Female,Yes,0,Graduate,No,10003.0,617.0,170.0,360.0,1,Semiurban,1
Male,Yes,3+,Not Graduate,No,14257.0,1976.0,98.0,300.0,1,Semiurban,1
Male,No,0,Graduate,No,4278.0,4422.0,427.0,120.0,1,Urban,1
Male,Yes,1,Graduate,No,2346.0,4250.0,190.0,120.0,1,Semiurban,1
Male,Yes,2,Graduate,No,8609.0,3070.0,317.0,120.0,1,Urban,1
Male,No,3+,Graduate,No,3107.0,358.0,127.0,240.0,1,Rural,1
Male,Yes,0,Not Graduate,No,4623.0,3936.0,202.0,360.0,1,Rural,1
Male,No,2,Not Graduate,No,12160.0,2158.0,223.0,120.0,1,Rural,1
Male,Yes,2,Graduate,Yes,7141.0,4752.0,110.0,360.0,1,Urban,1
Female,No,0,Not Graduate,No,8917.0,1788.0,488.0,120.0,0,Semiurban,0
Male,Yes,2,Not Graduate,Yes,11978.0,2176.0,190.0,180.0,1,Urban,1
Female,Yes,0,Graduate,Yes,3235.0,1316.0,312.0,300.0,1,Urban,1
Male,No,1,Graduate,No,7961.0,3070.0,304.0,360.0,1,Semiurban,1
Male,Yes,0,Graduate,Yes,1965.0,4236.0,243.0,360.0,1,Semiurban,1
Male,Yes,0,Graduate,No,8238.0,2827.0,313.0,300.0,1,Rural,1
Female,Yes,0,Not Graduate,No,4527.0,3954.0,304.0,120.0,1,Urban,1
Male,Yes,0,Graduate,No,13801.0,471.0,86.0,180.0,1,Rural,1
Female,No,0,Not Graduate,No,5020.0,3212.0,351.0,360.0,1,Rural,1
Male,Yes,1,Not Graduate,No,4202.0,2751.0,101.0,120.0,1,Semiurban,1
Male,Yes,0,Graduate,No,1691.0,5464.0,245.0,360.0,1,Rural,1
Female,Yes,0,Graduate,No,3299.0,2540.0,214.0,360.0,1,Urban,1
Male,No,1,Not Graduate,No,4417.0,3070.0,251.0,360.0,1,Rural,0
Female,Yes,1,Not Graduate,No,4578.0,4183.0,82.0,180.0,1,Rural,1
Male,No,0,Graduate,No,11467.0,898.0,365.0,180.0,1,Rural,1
Male,No,3+,Graduate,Yes,13481.0,5454.0,238.0,180.0,1,Rural,1
Male,Yes,0,Graduate,No,13048.0,2300.0,77.0,240.0,0,Semiurban,0
Male,No,2,Graduate,No,14410.0,4707.0,51.0,300.0,1,Rural,1
Male,Yes,0,Graduate,Yes,13626.0,3935.0,293.0,120.0,1,Semiurban,1
Male,Yes,1,Graduate,No,7649.0,2789.0,349.0,300.0,1,Urban,1
Male,No,3+,Graduate,No,6763.0,3504.0,296.0,180.0,1,Urban,0
Male,No,2,Graduate,No,10265.0,1096.0,374.0,300.0,1,Rural,1
Male,Yes,1,Graduate,No,5812.0,444.0,390.0,180.0,1,Semiurban,1
Male,Yes,1,Graduate,No,9649.0,4597.0,442.0,480.0,1,Semiurban,1
Male,Yes,0,Graduate,No,14998.0,5750.0,492.0,180.0,1,Rural,1
Male,Yes,1,Graduate,No,4174.0,5171.0,448.0,480.0,1,Semiurban,1
Male,Yes,2,Graduate,No,11886.0,1830.0,408.0,180.0,1,Semiurban,1
Male,Yes,3+,Graduate,No,14129.0,2148.0,243.0,120.0,1,Semiurban,1
Male,Yes,0,Graduate,No,8754.0,2153.0,276.0,180.0,1,Semiurban,1
Female,Yes,0,Graduate,Yes,6306.0,4215.0,327.0,240.0,1,Rural,1
Male,No,1,Graduate,No,4939.0,3741.0,126.0,480.0,1,Semiurban,1
Male,No,0,Graduate,No,3767.0,4778.0,354.0,180.0,0,Semiurban,1
Male,No,0,Graduate,No,5837.0,5670.0,314.0,360.0,1,Rural,1
Male,Yes,0,Graduate,No,11578.0,2354.0,284.0,360.0,1,Semiurban,1
Male,Yes,1,Graduate,No,8457.0,3976.0,425.0,240.0,1,Rural,1
Male,Yes,0,Not Graduate,No,4489.0,3002.0,359.0,240.0,1,Urban,1
Female,Yes,0,Not Graduate,No,8818.0,5728.0,469.0,480.0,1,Rural,1
Male,Yes,0,Graduate,No,12422.0,2124.0,489.0,360.0,1,Semiurban,1
Male,Yes,2,Graduate,No,1684.0,1125.0,421.0,180.0,1,Urban,1
Female,No,1,Graduate,No,1778.0,2273.0,184.0,480.0,1,Semiurban,1
Male,Yes,0,Graduate,No,14451.0,3712.0,135.0,240.0,1,Semiurban,0
Male,No,0,Graduate,No,11601.0,5720.0,184.0,120.0,1,Semiurban,1
Female,Yes,0,Graduate,Yes,9270.0,4973.0,370.0,360.0,1,Rural,1
Female,No,0,Graduate,No,13731.0,110.0,438.0,480.0,1,Urban,1
Male,Yes,1,Graduate,No,9453.0,3054.0,446.0,240.0,1,Urban,1
Male,Yes,0,Graduate,No,8529.0,954.0,357.0,360.0,1,Urban,1
Male,Yes,3+,Not Graduate,No,4354.0,2173.0,356.0,180.0,0,Semiurban,0
Male,No,0,Graduate,No,12443.0,5663.0,478.0,480.0,1,Semiurban,1
Male,Yes,1,Graduate,No,11827.0,5908.0,358.0,240.0,0,Rural,0
Male,Yes,0,Graduate,No,5490.0,922.0,113.0,180.0,1,Rural,1
Male,Yes,3+,Graduate,No,11453.0,845.0,275.0,300.0,1,Urban,1
Female,No,3+,Graduate,No,11315.0,4177.0,211.0,180.0,1,Urban,1
Male,Yes,1,Graduate,No,2784.0,2465.0,336.0,300.0,1,Urban,1
Male,Yes,0,Graduate,No,3665.0,2596.0,336.0,360.0,1,Semiurban,1
Male,Yes,0,Graduate,No,9532.0,5240.0,182.0,240.0,0,Urban,0
Female,No,2,Not Graduate,No,9918.0,5523.0,184.0,360.0,1,Semiurban,1
Male,Yes,1,Graduate,No,10385.0,5402.0,89.0,240.0,1,Rural,1
Male,Yes,0,Graduate,No,6538.0,4697.0,181.0,480.0,1,Semiurban,1
Male,No,0,Graduate,No,12780.0,5882.0,422.0,180.0,1,Urban,1
Male,Yes,0,Graduate,No,7516.0,4319.0,344.0,360.0,1,Urban,1
Male,Yes,2,Graduate,No,4282.0,5309.0,474.0,300.0,0,Semiurban,0
Male,Yes,1,Graduate,No,3054.0,3242.0,466.0,480.0,1,Semiurban,1
Male,Yes,1,Graduate,No,13348.0,305.0,435.0,180.0,1,Urban,0
Male,Yes,1,Graduate,Yes,11046.0,4898.0,130.0,180.0,1,Rural,1
Female,Yes,0,Graduate,Yes,7729.0,5578.0,200.0,480.0,1,Semiurban,1
Male,No,0,Not Graduate,Yes,4325.0,1873.0,75.0,480.0,0,Semiurban,0
Male,No,0,Graduate,No,2803.0,3070.0,92.0,360.0,0,Urban,0
Male,Yes,2,Graduate,No,3562.0,3432.0,153.0,240.0,1,Urban,1
Male,Yes,0,Graduate,No,2925.0,3909.0,176.0,240.0,0,Urban,1
Male,Yes,0,Graduate,No,8647.0,4048.0,56.0,300.0,1,Urban,1
Male,No,0,Graduate,No,4170.0,2365.0,429.0,360.0,1,Semiurban,1
Male,Yes,0,Not Graduate,No,3225.0,5126.0,287.0,180.0,1,Semiurban,1
Female,Yes,1,Graduate,No,5317.0,4882.0,345.0,120.0,1,Rural,1
Male,Yes,0,Graduate,Yes,10942.0,5653.0,344.0,120.0,1,Rural,1
Male,Yes,0,Graduate,No,8201.0,3455.0,485.0,240.0,1,Urban,1
Male,Yes,2,Graduate,Yes,3575.0,464.0,116.0,360.0,1,Urban,1
Female,No,0,Graduate,No,11608.0,5073.0,204.0,240.0,1,Rural,1
Male,Yes,0,Graduate,No,8109.0,476.0,188.0,300.0,0,Rural,1
Male,No,0,Graduate,No,4020.0,1162.0,298.0,240.0,1,Rural,1
Female,Yes,2,Graduate,No,10831.0,1711.0,286.0,180.0,1,Urban,1
Female,No,0,Graduate,Yes,14900.0,1109.0,405.0,360.0,1,Urban,1
Male,No,2,Graduate,Yes,8793.0,4342.0,302.0,360.0,1,Urban,1
Male,No,3+,Graduate,No,3680.0,2642.0,155.0,480.0,1,Rural,1
Male,Yes,1,Not Graduate,No,5679.0,1315.0,304.0,360.0,1,Semiurban,1
Female,Yes,0,Graduate,No,9591.0,28.0,483.0,240.0,1,Semiurban,1
Male,Yes,2,Graduate,Yes,14991.0,1298.0,310.0,360.0,1,Semiurban,1
Male,Yes,0,Graduate,No,14040.0,4157.0,316.0,240.0,1,Urban,1
Male,Yes,0,Graduate,No,14098.0,4765.0,129.0,480.0,1,Semiurban,1
Male,No,0,Graduate,No,12738.0,1776.0,53.0,300.0,0,Urban,1
Male,No,0,Graduate,No,9260.0,439.0,144.0,480.0,1,Semiurban,0
Male,Yes,0,Graduate,No,10246.0,3343.0,61.0,180.0,1,Rural,1
Male,Yes,0,Not Graduate,No,11408.0,4697.0,253.0,120.0,1,Semiurban,0
Female,No,0,Graduate,Yes,11159.0,420.0,446.0,120.0,1,Urban,1
Female,No,0,Graduate,No,10122.0,4773.0,251.0,300.0,1,Rural,0
Male,Yes,0,Graduate,No,3311.0,1023.0,340.0,480.0,1,Semiurban,1
Male,Yes,3+,Graduate,No,13376.0,1547.0,435.0,300.0,1,Urban,1
Male,No,0,Graduate,No,1630.0,3737.0,393.0,360.0,1,Urban,1
Male,Yes,1,Graduate,No,7250.0,308.0,342.0,240.0,1,Semiurban,1
Male,Yes,0,Graduate,No,7361.0,1833.0,402.0,480.0,1,Urban,1
Female,No,0,Graduate,No,14946.0,833.0,176.0,480.0,1,Urban,1
Male,No,0,Graduate,No,2708.0,3070.0,239.0,180.0,1,Urban,1
Male,No,0,Not Graduate,No,7923.0,4640.0,229.0,480.0,1,Urban,1
Female,No,0,Graduate,No,6329.0,1373.0,409.0,120.0,1,Semiurban,1
Male,Yes,0,Graduate,No,2818.0,260.0,233.0,300.0,1,Semiurban,1
Male,Yes,0,Not Graduate,No,4520.0,1288.0,471.0,240.0,1,Urban,1
Male,Yes,0,Graduate,No,7198.0,520.0,133.0,180.0,1,Semiurban,1
Male,Yes,0,Graduate,No,13870.0,3737.0,127.0,480.0,1,Urban,1
Male,Yes,0,Graduate,No,6740.0,5837.0,372.0,300.0,1,Urban,1
Male,Yes,0,Not Graduate,No,13380.0,1006.0,393.0,120.0,1,Urban,1
Female,Yes,0,Graduate,No,11405.0,4373.0,355.0,120.0,1,Rural,1
Male,No,0,Graduate,No,12555.0,2176.0,188.0,120.0,1,Rural,1
Male,Yes,0,Not Graduate,No,13025.0,430.0,54.0,180.0,0,Semiurban,0
Male,Yes,0,Graduate,No,11138.0,4127.0,194.0,120.0,0,Urban,1
Male,Yes,0,Not Graduate,Yes,11401.0,1259.0,259.0,180.0,1,Urban,1
Male,Yes,3+,Not Graduate,No,3579.0,3082.0,235.0,360.0,1,Urban,1
Male,No,0,Not Graduate,No,11180.0,3042.0,464.0,480.0,1,Rural,0
Male,Yes,0,Graduate,No,2152.0,3070.0,438.0,360.0,1,Urban,1
Male,Yes,0,Graduate,No,11454.0,809.0,398.0,240.0,1,Rural,1
Female,No,3+,Graduate,No,10327.0,1505.0,59.0,360.0,1,Semiurban,1
Male,Yes,1,Graduate,No,11718.0,4424.0,107.0,480.0,1,Semiurban,0
Male,Yes,1,Graduate,No,10170.0,5596.0,245.0,120.0,1,Rural,1
Male,Yes,3+,Not Graduate,No,6477.0,70.0,329.0,480.0,1,Urban,1
Female,Yes,0,Graduate,No,6487.0,2483.0,356.0,360.0,1,Rural,1
Male,No,3+,Graduate,No,9548.0,5288.0,183.0,240.0,0,Urban,0
Male,Yes,0,Graduate,No,7881.0,1721.0,99.0,240.0,1,Rural,1
Male,Yes,1,Graduate,No,6097.0,2685.0,284.0,240.0,1,Semiurban,1
Male,Yes,0,Graduate,No,8103.0,5425.0,406.0,120.0,0,Urban,1
Male,Yes,0,Graduate,No,8743.0,5813.0,493.0,180.0,1,Rural,1
Male,Yes,3+,Not Graduate,No,4739.0,3931.0,473.0,180.0,1,Urban,1
Male,No,0,Graduate,No,10115.0,4164.0,316.0,120.0,1,Urban,1
Male,Yes,3+,Graduate,No,5741.0,3683.0,90.0,300.0,1,Rural,1
Female,Yes,0,Graduate,No,5114.0,1701.0,485.0,240.0,1,Semiurban,1
Male,Yes,1,Graduate,No,7148.0,5320.0,118.0,180.0,1,Rural,1
Male,Yes,3+,Not Graduate,No,2894.0,204.0,170.0,180.0,1,Semiurban,1
Male,Yes,0,Not Graduate,Yes,9642.0,351.0,284.0,480.0,1,Semiurban,1
Male,No,3+,Graduate,No,11400.0,3610.0,276.0,360.0,0,Urban,0
Male,No,0,Not Graduate,No,14403.0,5026.0,139.0,240.0,1,Urban,1
Male,Yes,1,Graduate,Yes,5328.0,4885.0,275.0,360.0,1,Rural,1
Female,Yes,0,Graduate,No,8769.0,4067.0,85.0,240.0,1,Urban,1
Female,No,0,Not Graduate,No,8297.0,2257.0,192.0,180.0,1,Semiurban,1
Female,Yes,1,Graduate,No,11370.0,2159.0,478.0,360.0,1,Urban,1
Female,Yes,0,Graduate,No,9935.0,2553.0,184.0,360.0,1,Urban,1
Female,Yes,0,Graduate,No,12394.0,1538.0,451.0,300.0,0,Semiurban,1
Male,No,0,Graduate,No,12983.0,2514.0,294.0,300.0,1,Rural,1
Male,No,2,Graduate,No,3032.0,628.0,345.0,120.0,1,Rural,1
Male,Yes,0,Graduate,No,6293.0,1919.0,366.0,300.0,1,Rural,1
Male,No,1,Graduate,No,10317.0,5646.0,284.0,300.0,1,Urban,1
Male,Yes,3+,Graduate,No,8840.0,4241.0,65.0,240.0,1,Semiurban,1
Female,Yes,0,Not Graduate,No,8008.0,851.0,463.0,180.0,1,Urban,1
Male,Yes,0,Graduate,No,3837.0,1717.0,263.0,480.0,1,Rural,1
Male,Yes,1,Not Graduate,No,9227.0,1556.0,344.0,240.0,1,Urban,0
Male,Yes,0,Graduate,No,11497.0,1690.0,299.0,180.0,1,Semiurban,1
Male,Yes,1,Graduate,No,2018.0,4146.0,346.0,360.0,1,Urban,1
Male,Yes,1,Graduate,No,9486.0,5370.0,209.0,240.0,1,Rural,1
Female,No,1,Not Graduate,No,13733.0,4260.0,429.0,300.0,1,Rural,0
Male,Yes,0,Graduate,No,9245.0,2930.0,150.0,300.0,1,Rural,1
Male,Yes,1,Not Graduate,No,14362.0,964.0,343.0,240.0,0,Urban,0
Male,Yes,1,Graduate,No,6259.0,857.0,310.0,120.0,1,Rural,1
Male,Yes,0,Graduate,No,1547.0,4884.0,276.0,180.0,1,Urban,1
Male,No,0,Graduate,No,10707.0,4065.0,59.0,480.0,1,Urban,1
Male,No,2,Graduate,No,4372.0,3061.0,225.0,300.0,1,Urban,1
Male,No,1,Graduate,No,1630.0,3463.0,71.0,240.0,1,Urban,1
Male,Yes,0,Graduate,No,3932.0,5090.0,276.0,180.0,1,Semiurban,1
Female,Yes,0,Graduate,No,14109.0,4882.0,359.0,360.0,0,Urban,0
Male,Yes,0,Graduate,No,12047.0,523.0,285.0,480.0,1,Semiurban,1
Female,Yes,0,Graduate,No,5212.0,2370.0,390.0,360.0,1,Semiurban,1
Male,Yes,0,Graduate,No,9574.0,256.0,212.0,300.0,1,Rural,1
Male,Yes,3+,Graduate,No,6081.0,2308.0,187.0,240.0,1,Semiurban,1
Female,Yes,0,Graduate,Yes,3894.0,3821.0,251.0,480.0,1,Semiurban,1
Male,Yes,2,Graduate,No,14843.0,1250.0,153.0,480.0,1,Urban,1
Male,Yes,0,Graduate,No,12488.0,900.0,410.0,240.0,1,Rural,1
Male,No,0,Graduate,No,6407.0,2945.0,414.0,480.0,1,Urban,1
Male,No,0,Not Graduate,No,6271.0,3149.0,237.0,360.0,1,Urban,0
Male,Yes,0,Graduate,No,12510.0,4284.0,406.0,480.0,1,Urban,1
Female,No,2,Graduate,No,7721.0,84.0,61.0,120.0,1,Semiurban,1
Female,Yes,3+,Not Graduate,No,6588.0,1487.0,119.0,120.0,1,Urban,1
Male,No,2,Graduate,No,6728.0,4679.0,177.0,180.0,0,Semiurban,1
Male,No,0,Graduate,No,7531.0,4091.0,224.0,360.0,1,Urban,1
Male,Yes,2,Not Graduate,No,8538.0,5397.0,154.0,120.0,0,Semiurban,0
Male,No,0,Not Graduate,No,2041.0,4888.0,280.0,120.0,1,Semiurban,1
Male,No,3+,Graduate,No,7981.0,5033.0,407.0,120.0,1,Urban,1
Female,No,0,Graduate,No,7439.0,3063.0,255.0,180.0,1,Semiurban,1
Female,No,0,Graduate,No,5206.0,5750.0,252.0,480.0,1,Semiurban,1
Male,Yes,0,Not Graduate,No,6297.0,2495.0,76.0,360.0,1,Semiurban,1
Male,Yes,0,Not Graduate,No,7231.0,5418.0,176.0,360.0,1,Urban,1
Male,No,0,Graduate,No,6441.0,2351.0,413.0,180.0,1,Semiurban,1
Male,Yes,3+,Graduate,No,13762.0,2664.0,414.0,300.0,0,Urban,1
Male,Yes,2,Graduate,No,8634.0,4113.0,96.0,360.0,1,Urban,1
Male,Yes,3+,Graduate,No,8289.0,2390.0,58.0,300.0,1,Urban,1
Male,Yes,0,Graduate,No,5049.0,882.0,423.0,480.0,1,Semiurban,1
Male,Yes,1,Graduate,No,13871.0,5377.0,128.0,300.0,1,Urban,1
Female,No,0,Graduate,No,1813.0,2717.0,308.0,180.0,1,Semiurban,1
Male,Yes,0,Graduate,Yes,8926.0,5561.0,422.0,300.0,1,Urban,1
Female,No,0,Graduate,No,3778.0,2394.0,404.0,480.0,1,Rural,1
Male,No,0,Graduate,No,11879.0,5837.0,297.0,360.0,1,Urban,1
Male,Yes,1,Graduate,Yes,6606.0,3617.0,219.0,240.0,1,Semiurban,1
Male,Yes,0,Graduate,No,5463.0,4609.0,398.0,300.0,1,Rural,1
Male,Yes,0,Not Graduate,No,2282.0,4533.0,362.0,480.0,1,Semiurban,1
Male,No,1,Graduate,Yes,12170.0,1211.0,427.0,360.0,1,Urban,1
Male,No,0,Graduate,No,6852.0,4892.0,281.0,300.0,1,Semiurban,1
Female,Yes,3+,Graduate,No,5068.0,5669.0,473.0,180.0,0,Rural,1
Male,Yes,0,Graduate,No,12898.0,3966.0,396.0,480.0,1,Rural,1
Male,Yes,2,Graduate,No,1763.0,5682.0,78.0,480.0,1,Urban,1
Male,Yes,1,Graduate,No,7829.0,5076.0,182.0,120.0,1,Rural,1
Male,No,1,Graduate,No,3669.0,3996.0,409.0,120.0,1,Urban,1
Male,No,1,Graduate,No,3214.0,2863.0,102.0,120.0,1,Urban,1
Male,Yes,2,Graduate,No,1792.0,5143.0,368.0,240.0,1,Semiurban,1
Female,No,1,Graduate,No,4025.0,1112.0,203.0,120.0,0,Semiurban,0
Female,Yes,0,Graduate,No,14285.0,3367.0,143.0,480.0,1,Semiurban,0
Male,No,0,Graduate,No,7514.0,4894.0,292.0,480.0,1,Rural,1
Male,Yes,1,Graduate,No,14999.0,5664.0,469.0,180.0,1,Urban,1
Male,Yes,0,Graduate,No,5108.0,1602.0,453.0,360.0,1,Semiurban,1
Female,No,0,Graduate,No,11790.0,563.0,231.0,120.0,1,Urban,1
Male,Yes,0,Graduate,No,2709.0,2000.0,51.0,360.0,1,Urban,1
Male,No,0,Graduate,No,2959.0,5183.0,449.0,240.0,1,Urban,1
Male,No,0,Not Graduate,No,1721.0,3142.0,453.0,120.0,1,Rural,1
Male,Yes,1,Not Graduate,Yes,13635.0,333.0,322.0,240.0,1,Semiurban,1
Male,Yes,2,Not Graduate,Yes,10566.0,716.0,332.0,360.0,1,Urban,1
Male,No,2,Graduate,No,11540.0,2034.0,287.0,480.0,1,Semiurban,1
Male,Yes,0,Graduate,No,14019.0,2056.0,55.0,120.0,0,Rural,1
Male,Yes,0,Graduate,No,5985.0,811.0,121.0,480.0,1,Rural,1
Female,Yes,0,Graduate,No,11254.0,2964.0,114.0,180.0,1,Semiurban,1
Male,No,0,Graduate,No,8280.0,2874.0,461.0,240.0,1,Urban,1
Male,Yes,1,Graduate,No,8825.0,1195.0,72.0,120.0,1,Semiurban,1
Male,Yes,0,Graduate,No,10433.0,1393.0,300.0,480.0,1,Rural,1
Female,No,3+,Graduate,No,7844.0,3986.0,213.0,360.0,0,Rural,1
Male,Yes,0,Graduate,No,1824.0,5712.0,52.0,300.0,1,Rural,1
